sku,max_item_length,max_item_width,max_item_height,max_item_weight,chilled,tablet,flammable
100167,0.047,0.067,0.05,0.03012,false,true,false
100949,0.065,0.089,0.022,0.02435,false,false,true
101012,0.145,0.025,0.075,0.03726,false,true,false
101013,0.034,0.163,0.07,0.025,false,false,false
101014,0.062,0.122,0.023,0.02,false,true,false
101015,0.12,0.025,0.06,0.02467,false,true,false
101016,0.047,0.05,0.125,0.0463,false,true,false
101017,0.04,0.04,0.088,0.02694,false,true,false
101018,0.049,0.112,0.067,0.02,false,true,false
101019,0.045,0.045,0.075,0.02906,false,false,false
101020,0.039,0.041,0.089,0.05,false,false,false
101021,0.084,0.131,0.044,0.045,false,true,false
101022,0.145,0.03,0.073,0.06076,false,false,false
101024,0.042,0.042,0.065,0.02194,true,true,false
101025,0.042,0.07,0.07,0.045,false,true,false
101026,0.04,0.042,0.069,0.025,false,true,false
101027,0.042,0.042,0.065,0.02194,false,true,false
101028,0.043,0.043,0.065,0.02299,false,false,false
101030,0.137,0.03,0.035,0.02752,false,true,false
101031,0.2,0.071,0.081,0.15765,false,false,false
101032,0.08,0.037,0.072,0.04078,false,true,false
101033,0.038,0.128,0.05,0.03,false,true,false
101036,0.063,0.105,0.04,0.015,false,false,false
101039,0.043,0.043,0.075,0.01901,true,true,false
101043,0.047,0.067,0.05,0.03012,false,false,false
101044,0.11,0.032,0.062,0.04176,false,true,false
101045,0.095,0.02,0.07,0.01823,false,false,false
101053,0.155,0.02,0.055,0.02337,false,false,false
101056,0.145,0.035,0.08,0.05565,false,true,false
101059,0.047,0.067,0.05,0.03012,false,false,false
101060,0.035,0.112,0.047,0.015,false,false,false
101061,0.038,0.123,0.078,0.035,false,true,false
101063,0.154,0.025,0.075,0.05525,false,false,true
101065,0.091,0.03,0.06,0.02245,false,false,false
101066,0.063,0.063,0.123,0.06,false,true,false
101067,0.047,0.067,0.05,0.03012,false,false,false
101068,0.049,0.049,0.097,0.04456,false,true,false
101069,0.071,0.094,0.06,0.05488,false,false,false
101071,0.042,0.168,0.097,0.025,false,false,true
101072,0.058,0.131,0.067,0.05,false,true,false
101073,0.04,0.114,0.057,0.06,false,false,false
101074,0.066,0.133,0.069,0.125,false,false,true
101075,0.135,0.06,0.095,0.13,false,false,false
101076,0.061,0.112,0.066,0.1,false,true,false
101077,0.036,0.128,0.048,0.045,false,true,false
101080,0.058,0.094,0.024,0.03,false,true,false
101082,0.071,0.094,0.06,0.05488,false,false,true
101084,0.043,0.173,0.068,0.07,false,false,true
101085,0.097,0.02,0.057,0.02116,false,true,false
101089,0.13,0.03,0.06,0.04477,false,true,false
101090,0.09,0.08,0.14,0.13,false,true,false
101091,0.035,0.091,0.05,0.02,true,true,false
101092,0.105,0.02,0.104,0.04179,false,false,false
101093,0.038,0.091,0.06,0.01,false,true,false
101094,0.047,0.134,0.091,0.065,true,false,false
101095,0.075,0.102,0.023,0.01,false,false,false
101096,0.064,0.06,0.13,0.09551,false,true,false
101097,0.044,0.044,0.097,0.03593,false,false,false
101099,0.048,0.048,0.125,0.04457,false,false,false
101101,0.042,0.126,0.062,0.02,false,false,false
101102,0.071,0.094,0.06,0.05488,false,true,false
101103,0.058,0.058,0.13,0.08367,true,false,true
101104,0.067,0.128,0.032,0.025,false,true,false
101105,0.04,0.04,0.085,0.02602,false,false,false
101106,0.04,0.098,0.04,0.03,false,false,false
101107,0.11,0.018,0.045,0.01221,true,true,false
101109,0.037,0.127,0.077,0.015,false,false,false
101110,0.078,0.132,0.033,0.06,false,true,false
101112,0.048,0.14,0.069,0.24,false,true,false
101116,0.035,0.112,0.067,0.02,false,true,false
101117,0.042,0.042,0.065,0.02194,false,true,false
101122,0.147,0.05,0.096,0.09671,false,false,false
101125,0.042,0.042,0.12,0.0405,false,false,false
101126,0.051,0.131,0.071,0.085,false,false,false
101128,0.125,0.018,0.06,0.0185,false,true,false
101133,0.047,0.067,0.05,0.03012,false,true,false
101134,0.1,0.02,0.04,0.01096,false,true,false
101135,0.05,0.087,0.065,0.065,false,false,false
101137,0.065,0.04,0.142,0.07064,false,true,false
101138,0.071,0.094,0.06,0.05488,false,true,false
101141,0.04,0.04,0.095,0.02083,false,true,false
101143,0.077,0.084,0.14,0.22,false,true,false
101144,0.083,0.02,0.101,0.03208,false,false,false
101145,0.083,0.02,0.1,0.03176,false,false,false
101146,0.041,0.03,0.1,0.02353,false,false,false
101147,0.04,0.03,0.118,0.02709,false,true,false
101149,0.054,0.035,0.091,0.03291,false,true,false
101150,0.045,0.035,0.115,0.03465,false,false,true
101151,0.042,0.07,0.096,0.08,true,true,false
101153,0.048,0.048,0.11,0.03922,false,false,true
101154,0.04,0.071,0.127,0.105,false,false,false
101155,0.052,0.107,0.038,0.07,false,true,false
101157,0.055,0.055,0.12,0.06945,false,true,false
101158,,,,,true,true,false
101159,0.045,0.05,0.108,0.04649,false,true,false
101160,0.045,0.045,0.075,0.02906,false,true,false
101163,0.088,0.02,0.135,0.04546,true,true,false
101164,0.048,0.05,0.077,0.075,false,false,false
101165,0.175,0.038,0.12,0.10937,false,true,false
101166,0.088,0.02,0.135,0.04546,false,true,false
101167,0.09,0.032,0.06,0.03306,false,true,false
101173,0.075,0.04,0.125,0.07175,false,false,false
101174,0.047,0.067,0.05,0.03012,false,false,true
101177,0.049,0.03,0.096,0.027,false,false,true
101179,0.118,0.026,0.1,0.0587,false,true,false
101180,0.028,0.084,0.035,0.025,false,false,false
101181,0.035,0.119,0.042,0.015,false,false,false
101182,0.028,0.098,0.035,0.015,false,false,false
101183,0.11,0.02,0.03,0.015,false,true,false
101184,0.038,0.105,0.035,0.02,false,true,false
101185,0.045,0.144,0.037,0.05,false,false,false
101187,0.036,0.133,0.038,0.025,false,true,false
101189,0.047,0.12,0.042,0.04532,false,false,false
101191,0.039,0.122,0.032,0.025,false,false,false
101192,0.035,0.133,0.027,0.03,true,false,false
101193,0.11,0.018,0.025,0.015,false,false,false
101195,0.099,0.023,0.03,0.015,false,false,false
101198,0.052,0.128,0.027,0.03,false,true,false
101199,0.037,0.127,0.04,0.045,false,true,false
101200,0.042,0.127,0.027,0.465,false,false,false
101202,0.047,0.067,0.05,0.03012,false,false,false
101203,0.038,0.146,0.03,0.035,false,true,false
101207,0.035,0.133,0.027,0.015,false,false,false
101211,0.045,0.127,0.027,0.05,false,false,false
101215,0.13,0.025,0.035,0.02176,false,true,false
101218,0.034,0.03,0.078,0.01522,false,true,false
101219,0.035,0.119,0.027,0.075,false,true,false
101221,0.157,0.02,0.047,0.02824,false,true,false
101233,0.105,0.023,0.023,0.015,false,true,false
101234,0.181,0.035,0.048,0.05818,false,true,false
101235,0.092,0.025,0.055,0.0242,true,true,false
101244,0.125,0.023,0.033,0.01815,false,true,false
101254,0.051,0.114,0.07,0.02,false,false,false
101256,0.071,0.094,0.06,0.05488,false,true,false
101265,0.028,0.07,0.032,0.02,false,false,false
101266,0.03,0.02,0.08,0.015,true,true,false
101271,0.058,0.098,0.059,0.13,false,true,false
101273,0.028,0.028,0.072,0.015,false,false,false
101275,0.035,0.077,0.033,0.025,false,true,false
101276,0.047,0.067,0.05,0.03012,false,true,false
101277,0.16,0.105,0.045,0.13,false,false,false
101279,0.047,0.067,0.05,0.03012,false,false,false
101280,0.053,0.11,0.037,0.025,true,true,false
101281,0.047,0.075,0.032,0.055,false,true,false
101282,0.039,0.061,0.032,0.041,false,false,false
101285,0.059,0.126,0.067,0.03,false,true,false
101288,0.147,0.015,0.045,0.01898,true,true,false
101289,0.092,0.02,0.065,0.02288,false,false,false
101290,0.093,0.02,0.065,0.02313,false,false,false
101291,0.065,0.091,0.025,0.025,false,true,false
101292,0.09,0.02,0.065,0.02239,false,true,false
101293,0.065,0.092,0.025,0.021,false,false,true
101295,0.145,0.02,0.055,0.03052,false,true,false
101296,0.068,0.091,0.02,0.045,false,false,false
101297,0.056,0.153,0.028,0.235,false,true,false
101299,0.046,0.176,0.103,0.035,false,true,false
101301,0.106,0.02,0.046,0.01866,false,false,false
101302,0.04,0.042,0.071,0.025,false,false,false
101303,0.043,0.043,0.065,0.02299,false,true,false
101305,0.13,0.024,0.03,0.01791,false,false,false
101307,0.135,0.022,0.055,0.03125,false,true,false
101311,0.118,0.023,0.04,0.02077,true,true,false
101318,0.105,0.027,0.061,0.0237,false,true,false
101322,0.13,0.042,0.07,0.07312,true,true,false
101325,0.03,0.03,0.07,0.015,false,false,true
101326,0.05,0.114,0.07,0.05,false,false,false
101327,0.058,0.094,0.04,0.04172,false,false,false
101328,0.05,0.145,0.1,0.09,false,false,false
101329,0.051,0.149,0.102,0.095,false,false,false
101330,0.087,0.15,0.099,0.165,false,true,false
101332,0.041,0.149,0.079,0.025,false,true,false
101333,0.042,0.147,0.08,0.05,false,false,false
101334,0.149,0.064,0.075,0.09803,false,true,false
101335,0.042,0.147,0.067,0.025,false,true,false
101336,0.093,0.151,0.064,0.095,false,true,false
101337,0.063,0.077,0.025,0.03,false,false,false
104356,0.047,0.067,0.05,0.03012,false,true,false
104357,0.071,0.094,0.06,0.05488,false,false,false
104397,0.047,0.067,0.05,0.03012,true,false,false
104398,0.08,0.037,0.071,0.04021,false,true,false
104429,0.131,0.036,0.09,0.05817,false,false,true
104505,0.11,0.107,0.07,0.025,false,false,false
105271,0.17,0.143,0.094,0.355,false,false,false
105418,0.075,0.152,0.082,0.085,false,false,true
107034,0.123,0.02,0.05,0.02353,false,true,false
107094,0.042,0.062,0.045,0.025,false,true,false
107095,0.028,0.084,0.06,0.014,true,true,false
107101,0.039,0.04,0.07,0.015,false,false,false
107102,0.068,0.126,0.026,0.035,false,false,false
107103,0.091,0.104,0.029,0.025,true,true,false
107104,0.048,0.048,0.125,0.04457,false,true,false
107105,0.045,0.122,0.032,0.03,true,false,false
107106,0.047,0.067,0.05,0.03012,false,false,false
107107,0.042,0.133,0.075,0.05742,false,false,false
107108,0.118,0.028,0.07,0.0317,false,false,false
107110,0.047,0.067,0.05,0.03012,false,false,false
107112,0.047,0.067,0.05,0.03012,false,false,false
107113,0.055,0.115,0.06,0.105,false,true,false
107116,0.046,0.123,0.055,0.02,true,false,false
107120,0.102,0.02,0.052,0.0203,false,true,false
107121,0.102,0.025,0.052,0.02537,false,false,true
107123,0.071,0.094,0.06,0.05488,false,true,false
107124,0.067,0.09,0.024,0.02,false,false,false
107129,0.055,0.055,0.095,0.05498,false,true,false
107130,0.06,0.088,0.037,0.03,false,true,false
107131,0.035,0.147,0.052,0.05119,false,true,false
107133,0.067,0.017,0.049,0.015,true,true,false
107135,0.13,0.058,0.062,0.08944,false,false,false
107136,0.036,0.095,0.039,0.07,false,false,false
107144,0.046,0.071,0.041,0.015,true,true,false
107146,0.042,0.042,0.065,0.02194,false,true,false
107149,0.044,0.044,0.075,0.0199,false,false,true
107151,0.047,0.067,0.05,0.03012,false,true,false
107153,0.045,0.045,0.075,0.02082,false,true,false
107154,0.035,0.133,0.053,0.02,false,true,false
107159,0.035,0.105,0.067,0.04,false,true,false
107162,0.045,0.045,0.107,0.04146,false,true,false
107164,0.035,0.16,0.055,0.03,false,true,false
107165,0.05,0.05,0.076,0.03635,false,true,false
107166,0.049,0.05,0.127,0.05953,false,true,false
107168,0.056,0.082,0.023,0.02,false,false,false
107170,0.12,0.12,0.105,0.18,false,false,false
107171,0.056,0.098,0.025,0.045,false,false,false
107172,0.062,0.055,0.125,0.08155,false,false,false
107173,0.049,0.105,0.052,0.03667,true,false,false
107174,0.059,0.092,0.038,0.05,false,true,false
107175,0.035,0.147,0.082,0.015,false,true,false
107176,0.039,0.127,0.05,0.021,false,true,false
107177,0.113,0.175,0.06,0.09,true,false,true
107178,0.057,0.057,0.122,0.07584,false,false,true
107180,0.047,0.067,0.05,0.03012,false,true,false
107186,0.095,0.02,0.04,0.01042,false,true,false
107188,0.055,0.055,0.12,0.06945,false,false,false
107192,0.098,0.02,0.057,0.02138,false,true,false
107195,0.047,0.067,0.05,0.03012,true,true,false
107197,0.028,0.119,0.055,0.045,false,true,false
107198,0.047,0.067,0.05,0.03012,false,false,false
107199,0.05,0.106,0.043,0.045,false,true,false
107202,0.09,0.17,0.084,0.565,false,true,false
107204,0.125,0.018,0.062,0.01912,false,true,false
107207,0.042,0.14,0.087,0.06,false,false,false
107209,0.045,0.143,0.062,0.015,false,true,false
107210,0.033,0.114,0.052,0.06,false,true,false
107212,0.115,0.018,0.061,0.02416,false,false,false
107213,0.061,0.115,0.025,0.015,false,true,false
107217,0.045,0.045,0.115,0.04456,false,true,false
107219,0.05,0.05,0.105,0.05022,false,false,false
107223,0.09,0.042,0.145,0.07512,false,true,false
107224,0.049,0.116,0.033,0.02,false,true,false
107225,0.119,0.025,0.051,0.0208,false,true,false
107226,0.049,0.049,0.125,0.04645,false,false,false
107227,0.045,0.045,0.12,0.04649,false,true,false
107229,0.1,0.025,0.055,0.02631,false,false,true
107230,0.04,0.04,0.114,0.0349,false,true,false
107232,0.042,0.03,0.101,0.02435,false,true,false
107237,0.059,0.034,0.105,0.0403,true,false,false
107238,0.056,0.1,0.039,0.05,false,true,false
107239,0.045,0.045,0.1,0.03874,false,true,false
107244,0.034,0.034,0.088,0.01946,false,false,false
107248,0.05,0.031,0.096,0.02847,false,true,false
107250,0.043,0.112,0.057,0.015,false,false,false
107251,0.084,0.02,0.045,0.01036,false,true,false
107254,0.078,0.058,0.133,0.11512,false,true,false
107255,0.125,0.025,0.035,0.02093,false,false,true
107256,0.039,0.125,0.031,0.05,false,false,true
107258,0.042,0.154,0.062,0.02,false,true,false
107259,0.042,0.147,0.055,0.03,false,true,false
107261,0.063,0.147,0.027,0.01,false,false,false
107263,0.111,0.022,0.045,0.01506,false,true,false
107264,0.137,0.03,0.072,0.05662,false,true,false
107265,0.109,0.116,0.045,0.09,false,false,false
107266,0.13,0.045,0.13,0.13,false,true,false
107268,0.045,0.03,0.13,0.03358,false,false,false
107269,0.047,0.098,0.033,0.06,false,true,false
107271,0.042,0.112,0.032,0.025,false,false,true
107272,0.042,0.1,0.043,0.075,false,false,false
107274,0.039,0.102,0.035,0.02,false,true,false
107275,0.033,0.12,0.025,0.03,false,false,true
107276,0.115,0.025,0.028,0.0154,false,false,false
107280,0.046,0.123,0.033,0.03,false,false,false
107281,0.041,0.128,0.037,0.025,false,false,true
107283,0.047,0.067,0.05,0.03012,false,false,false
107285,0.102,0.035,0.038,0.02596,false,true,false
107287,0.037,0.101,0.04,0.01,true,true,false
107288,0.049,0.119,0.042,0.03,false,true,false
107290,0.039,0.126,0.054,0.08,true,true,false
107291,0.132,0.027,0.04,0.02728,false,true,false
107292,0.112,0.072,0.08,0.12343,false,true,false
107293,0.15,0.035,0.07,0.07031,false,true,false
107294,0.038,0.121,0.031,0.03,false,false,true
107297,0.021,0.07,0.017,0.025,false,false,false
107300,,,,,false,false,false
107301,0.044,0.126,0.03,0.025,true,true,false
107302,0.125,0.023,0.032,0.0176,false,true,false
107303,0.12,0.034,0.119,0.09289,false,true,false
107304,0.12,0.02,0.034,0.01561,false,false,false
107310,0.085,0.02,0.03,0.015,false,false,true
107311,0.042,0.126,0.03,0.045,false,true,false
107312,0.041,0.121,0.035,0.02,false,true,false
107314,0.144,0.025,0.04,0.02755,false,true,false
107316,,,,,false,true,false
107317,0.039,0.121,0.032,0.03,false,false,false
107321,0.021,0.112,0.02,0.015,false,false,false
107323,0.03,0.093,0.022,0.035,false,false,false
107324,0.049,0.119,0.03,0.025,false,false,false
107326,0.043,0.119,0.047,0.045,false,true,false
107327,0.11,0.02,0.03,0.015,false,false,false
107328,0.109,0.022,0.03,0.015,false,true,false
107329,0.028,0.098,0.017,0.035,false,false,false
107330,0.043,0.142,0.042,0.045,false,false,false
107332,0.1,0.116,0.028,0.06,false,false,false
107333,0.127,0.025,0.03,0.01822,false,true,false
107334,0.09,0.018,0.023,0.015,false,false,false
107336,0.04,0.114,0.025,0.075,true,false,false
107340,0.125,0.022,0.072,0.03788,false,true,false
107342,0.055,0.037,0.1,0.03893,false,true,false
107343,0.13,0.027,0.047,0.03156,false,false,false
107344,0.2,0.04,0.06,0.09184,false,true,false
107347,0.045,0.102,0.046,0.045,true,false,false
107349,0.047,0.067,0.05,0.03012,false,true,false
107364,0.047,0.067,0.05,0.03012,false,true,false
107366,0.12,0.025,0.028,0.01607,false,true,false
107377,0.04,0.04,0.11,0.03367,false,true,false
107380,0.051,0.084,0.027,0.015,false,true,false
107381,0.047,0.067,0.05,0.03012,false,true,false
107382,0.087,0.03,0.03,0.015,false,true,false
107383,0.035,0.084,0.032,0.01,true,true,false
107387,0.047,0.067,0.05,0.03012,true,false,false
107388,0.033,0.08,0.025,0.03,false,true,false
107389,0.029,0.029,0.07,0.015,false,false,true
107393,0.033,0.03,0.065,0.015,false,false,false
107395,0.03,0.03,0.07,0.015,false,true,false
107396,0.056,0.063,0.117,0.055,false,true,false
107398,0.035,0.077,0.037,0.045,true,false,false
107400,0.035,0.056,0.077,0.045,true,true,false
107403,0.04,0.03,0.118,0.02709,false,true,false
107404,0.152,0.02,0.1,0.05816,false,false,false
107405,0.071,0.104,0.022,0.045,false,true,false
107407,0.045,0.101,0.023,0.025,false,true,false
107411,0.044,0.105,0.025,0.01,false,false,false
107412,0.053,0.112,0.027,0.02,false,false,false
107413,0.045,0.084,0.083,0.05,false,true,false
107414,0.067,0.091,0.025,0.045,false,false,false
107416,0.05,0.05,0.118,0.05644,false,false,false
107419,0.043,0.043,0.065,0.02299,false,false,false
107423,0.049,0.035,0.085,0.02789,false,false,false
107428,0.035,0.112,0.057,0.04275,false,true,false
107429,0.047,0.067,0.05,0.03012,false,true,false
107435,0.051,0.066,0.135,0.06,false,false,false
107437,0.035,0.126,0.072,0.03,false,true,false
107439,0.042,0.126,0.025,0.025,true,false,false
107441,0.04,0.04,0.1,0.03061,false,true,false
107443,0.09,0.045,0.105,0.08136,false,false,true
107444,0.091,0.045,0.105,0.08227,false,false,false
107448,0.04,0.112,0.057,0.06,false,true,false
107449,0.041,0.119,0.031,0.045,false,true,false
107450,0.063,0.105,0.065,0.025,false,true,false
107451,0.093,0.045,0.105,0.08407,false,true,false
107452,0.055,0.05,0.135,0.07076,false,false,false
107455,0.047,0.067,0.05,0.03012,false,false,false
107456,0.047,0.067,0.05,0.03012,false,true,false
107457,0.086,0.115,0.036,0.055,false,true,false
107458,0.042,0.119,0.027,0.034,false,true,false
107459,0.12,0.025,0.028,0.01607,false,false,true
107573,0.074,0.074,0.145,0.275,false,true,false
107879,0.047,0.067,0.05,0.03012,false,true,false
109534,0.114,0.148,0.073,0.325,false,true,false
109843,0.042,0.042,0.11,0.03712,false,true,false
109969,0.043,0.043,0.105,0.02661,false,true,false
109989,0.06,0.089,0.075,0.145,false,true,false
110097,0.1,0.049,0.051,0.03425,false,true,false
110109,0.088,0.062,0.09,0.0673,false,true,false
110128,0.061,0.132,0.036,0.035,false,false,false
110130,0.185,0.14,0.04,0.18014,false,true,false
110131,0.053,0.104,0.028,0.02,false,false,false
110132,0.066,0.127,0.028,0.012,false,false,false
110133,0.105,0.022,0.05,0.01583,false,true,false
110134,0.125,0.022,0.065,0.0245,false,true,false
110135,0.038,0.025,0.105,0.01367,false,false,false
110136,0.056,0.134,0.025,0.01,false,false,false
110137,0.057,0.135,0.025,0.02,false,false,false
110138,0.135,0.02,0.055,0.02035,false,true,false
110139,0.057,0.135,0.035,0.02,false,false,false
110141,0.034,0.161,0.057,0.02,false,true,false
110142,0.04,0.163,0.077,0.023,false,true,false
110143,0.147,0.02,0.066,0.0266,false,false,false
110146,0.042,0.133,0.062,0.02,false,true,false
110147,0.038,0.041,0.08,0.05,false,true,false
110148,0.044,0.114,0.061,0.045,false,true,false
110149,0.105,0.023,0.05,0.01655,false,true,false
110150,0.151,0.197,0.056,0.37,false,true,false
110151,0.048,0.115,0.052,0.08,false,false,true
110152,0.12,0.05,0.045,0.03701,false,false,false
110153,0.042,0.126,0.05,0.02,true,false,true
110154,0.057,0.12,0.029,0.03,false,false,false
110155,0.059,0.125,0.023,0.02325,false,false,false
110156,0.058,0.099,0.035,0.05,false,true,false
110157,0.044,0.044,0.082,0.06,false,true,false
110158,0.057,0.134,0.055,0.07,false,true,false
110161,0.082,0.14,0.075,0.07,false,false,true
110162,0.087,0.145,0.042,0.05,false,false,false
110163,0.091,0.147,0.041,0.045,false,true,false
110164,0.085,0.146,0.041,0.055,false,true,false
110165,0.053,0.115,0.031,0.04,false,true,false
110166,0.09,0.035,0.145,0.0626,false,true,false
110168,0.071,0.094,0.06,0.05488,false,true,false
110169,0.049,0.147,0.075,0.015,false,false,false
110170,0.071,0.094,0.06,0.05488,true,false,false
110171,0.056,0.136,0.026,0.05,false,true,false
110172,0.107,0.189,0.12,0.435,false,true,false
110173,0.038,0.083,0.059,0.045,false,true,false
110174,0.048,0.091,0.026,0.045,false,true,false
110175,0.09,0.02,0.05,0.01234,false,true,false
110176,0.056,0.136,0.024,0.015,false,false,false
110177,0.137,0.02,0.055,0.02066,false,false,false
110178,0.086,0.113,0.043,0.09,false,true,false
110179,0.085,0.085,0.02,0.01,false,false,false
110180,0.059,0.005,0.072,0.025,false,true,false
110181,0.085,0.059,0.05,0.03437,false,true,false
110182,0.081,0.02,0.042,0.01,false,false,false
110185,0.04,0.116,0.065,0.04134,false,true,false
110186,0.042,0.154,0.075,0.025,false,false,false
110187,0.047,0.149,0.075,0.05,false,false,false
110189,0.056,0.131,0.069,0.065,false,true,false
110190,0.15,0.075,0.095,0.18584,false,true,false
110191,0.042,0.085,0.055,0.015,false,true,false
110192,0.107,0.05,0.052,0.03813,false,true,false
110193,0.06,0.098,0.049,0.07,false,true,false
110194,0.12,0.025,0.06,0.02467,false,true,false
110195,0.23,0.152,0.035,0.16771,true,false,false
110196,0.185,0.14,0.04,0.142,false,true,false
110197,0.125,0.025,0.059,0.02527,false,true,false
110198,0.057,0.123,0.037,0.015,true,true,false
110199,0.123,0.019,0.058,0.01858,false,false,false
110200,0.056,0.106,0.063,0.11,false,false,false
110201,0.108,0.02,0.057,0.01688,true,true,false
110204,0.045,0.117,0.052,0.05,false,true,false
110205,0.15,0.01,0.045,0.01,false,false,true
110208,0.045,0.045,0.075,0.02082,false,true,false
110209,0.045,0.045,0.075,0.02082,false,true,false
110210,0.042,0.083,0.05,0.045,true,false,false
110211,0.061,0.108,0.035,0.025,false,false,false
110212,0.048,0.121,0.085,0.09,false,false,false
110214,0.097,0.02,0.075,0.01994,false,false,false
110215,0.076,0.095,0.024,0.03,false,false,false
110216,0.043,0.086,0.074,0.03,false,true,false
110217,0.028,0.028,0.05,0.015,false,true,false
110218,0.044,0.103,0.05,0.045,true,false,true
110219,0.044,0.051,0.078,0.03,false,false,true
110220,0.06,0.005,0.075,0.025,true,true,false
110221,0.048,0.122,0.074,0.06,false,false,false
110222,0.035,0.161,0.07,0.015,true,false,false
110223,0.148,0.045,0.067,0.06116,false,false,false
110224,0.146,0.02,0.066,0.02641,false,true,false
110225,0.146,0.02,0.065,0.02601,false,true,false
110226,0.042,0.138,0.054,0.05,false,true,false
110227,0.13,0.025,0.055,0.0245,false,true,false
110228,0.065,0.108,0.055,0.055,true,false,false
110229,0.11,0.025,0.06,0.02262,false,false,false
110230,0.048,0.103,0.074,0.105,false,false,false
110231,0.075,0.146,0.026,0.254,false,false,false
110232,0.076,0.147,0.026,0.03,false,true,false
110233,0.115,0.022,0.055,0.01907,false,true,false
110234,0.075,0.146,0.026,0.045,false,true,false
110236,0.085,0.075,0.055,0.04806,false,true,false
110239,0.042,0.119,0.065,0.025,false,false,false
110241,0.137,0.03,0.072,0.04056,true,false,false
110242,0.042,0.147,0.075,0.035,false,false,false
110243,0.145,0.035,0.08,0.05565,false,true,false
110246,0.035,0.108,0.045,0.02,true,true,false
110248,0.11,0.023,0.057,0.01977,false,true,false
110250,0.147,0.02,0.076,0.03062,false,true,false
110251,0.039,0.112,0.055,0.025,false,false,false
110252,0.067,0.147,0.047,0.05,false,false,false
110253,0.054,0.163,0.07,0.05,false,true,false
110254,0.049,0.14,0.057,0.01,false,true,false
110255,0.043,0.124,0.055,0.015,true,true,false
110256,0.036,0.11,0.065,0.01,false,true,false
110257,0.065,0.095,0.085,0.07194,false,true,false
110258,0.09,0.068,0.042,0.03523,false,true,false
110259,0.097,0.131,0.093,0.18,false,false,false
110261,0.086,0.183,0.04,0.045,false,true,false
110262,0.031,0.106,0.047,0.035,false,true,false
110263,0.113,0.031,0.06,0.02881,false,true,false
110265,0.11,0.029,0.057,0.02492,false,true,false
110266,0.1,0.04,0.05,0.02741,false,false,false
110267,0.061,0.13,0.077,0.08369,false,true,false
110268,0.109,0.042,0.055,0.03451,false,false,false
110269,0.155,0.105,0.035,0.07807,false,true,false
110270,0.071,0.14,0.031,0.013,false,false,false
110273,0.113,0.032,0.06,0.02974,false,true,false
110274,0.063,0.09,0.033,0.014,false,false,false
110276,0.071,0.094,0.06,0.05488,false,false,true
110278,0.202,0.083,0.166,0.18,false,true,false
110282,0.06,0.115,0.09,0.08512,false,true,false
110283,0.046,0.101,0.059,0.05,false,false,false
110284,0.116,0.02,0.05,0.0159,false,false,false
110285,0.102,0.042,0.072,0.04861,false,true,false
110286,0.04,0.101,0.077,0.12,false,false,false
110289,0.09,0.02,0.05,0.01234,false,true,false
110290,0.042,0.091,0.052,0.03,false,false,true
110291,0.03,0.12,0.055,0.045,true,true,false
110292,0.043,0.044,0.084,0.035,false,true,false
110293,0.05,0.116,0.041,0.05,false,true,false
110294,0.043,0.101,0.041,0.015,false,true,false
110295,0.215,0.125,0.12,0.18,true,false,false
110296,0.053,0.12,0.065,0.055,false,false,false
110297,0.091,0.129,0.096,0.1,false,true,false
110298,0.13,0.09,0.09,0.14433,false,true,false
110299,0.13,0.09,0.09,0.14433,false,true,false
110300,0.032,0.1,0.052,0.015,false,true,false
110301,0.096,0.164,0.059,0.11,false,true,false
110302,0.133,0.04,0.077,0.05615,false,true,false
110303,0.155,0.02,0.057,0.02422,false,false,false
110305,0.094,0.165,0.061,0.12,true,false,false
110306,0.04,0.13,0.074,0.095,false,false,false
110307,0.065,0.193,0.084,0.185,false,false,false
110308,0.08,0.065,0.08,0.05702,false,false,false
110309,0.049,0.122,0.034,0.02786,false,false,false
110310,0.071,0.094,0.06,0.05488,false,false,false
110311,0.051,0.118,0.025,0.02,false,true,false
110313,0.13,0.03,0.063,0.03368,false,true,false
110314,0.038,0.074,0.046,0.06,false,false,false
110316,0.055,0.03,0.13,0.0294,false,false,false
110317,0.09,0.038,0.05,0.02344,false,true,false
110319,0.164,0.057,0.095,0.12172,false,false,false
110322,0.04,0.085,0.024,0.045,false,true,false
110323,0.071,0.113,0.071,0.015,false,true,false
110324,0.07,0.065,0.11,0.0686,false,true,false
110325,0.064,0.114,0.07,0.105,false,true,false
110326,0.041,0.129,0.076,0.008,false,false,false
110328,0.169,0.066,0.08,0.1223,false,false,false
110329,0.069,0.097,0.098,0.17,false,true,false
110332,0.071,0.094,0.06,0.05488,false,true,false
110333,0.028,0.091,0.042,0.025,false,true,false
110335,0.09,0.099,0.08,0.115,false,true,false
110336,0.047,0.122,0.045,0.025,false,true,false
110338,0.115,0.025,0.064,0.02522,false,true,false
110339,0.125,0.095,0.075,0.12207,true,true,false
110341,0.048,0.116,0.067,0.055,false,true,false
110342,0.076,0.121,0.091,0.185,false,false,false
110343,0.062,0.092,0.084,0.06,true,true,false
110344,0.043,0.106,0.043,0.03,true,false,false
110346,0.039,0.098,0.075,0.025,false,true,false
110347,0.0725,0.095,0.0755,0.08196,false,false,false
110348,0.111,0.03,0.064,0.02921,false,true,false
110349,0.071,0.094,0.06,0.05488,true,true,false
110350,0.06,0.19,0.034,0.05,false,false,false
110351,0.037,0.102,0.036,0.01,true,false,false
110353,0.12,0.02,0.06,0.01974,false,true,false
110354,0.295,0.15,0.115,0.18,false,false,false
110355,0.09,0.005,0.03,0.025,false,false,false
110356,0.051,0.105,0.067,0.055,true,true,false
110357,0.052,0.052,0.126,0.06519,false,false,false
110358,0.05,0.05,0.085,0.02913,false,true,false
110360,0.065,0.092,0.037,0.04,false,true,false
110361,0.041,0.132,0.08,0.065,false,true,false
110362,0.055,0.129,0.075,0.115,false,true,false
110363,0.047,0.107,0.021,0.08,false,false,false
110368,0.19,0.057,0.057,0.10734,false,false,false
110370,0.057,0.094,0.054,0.095,false,true,false
110374,0.115,0.045,0.06,0.04256,false,true,false
110377,0.062,0.09,0.044,0.075,false,true,false
110378,0.085,0.065,0.045,0.03408,true,false,true
110379,0.18,0.07,0.095,0.16406,false,true,false
110380,0.056,0.112,0.022,0.015,false,false,false
110381,0.17,0.09,0.1,0.18,false,true,false
110382,0.124,0.033,0.058,0.03253,false,true,false
110385,0.126,0.043,0.069,0.05124,false,false,false
110386,0.047,0.126,0.067,0.055,true,true,false
110387,0.0725,0.095,0.0755,0.08196,false,true,false
110388,0.14,0.057,0.065,0.09019,false,true,false
110390,0.074,0.116,0.023,0.109,false,false,false
110391,0.075,0.104,0.026,0.015,false,true,false
110392,0.049,0.135,0.076,0.07,false,false,true
110393,0.047,0.055,0.119,0.19,false,true,false
110394,0.055,0.134,0.046,0.05,false,true,false
110395,0.048,0.124,0.02,0.035,false,false,false
110397,0.065,0.055,0.075,0.04662,false,true,false
110398,0.082,0.096,0.071,0.075,false,false,false
110401,0.064,0.101,0.063,0.045,false,true,false
110404,0.175,0.07,0.095,0.20236,false,true,false
110407,0.15,0.123,0.08,0.18,false,false,true
110412,0.087,0.03,0.06,0.02146,false,true,false
110417,0.085,0.02,0.05,0.01165,false,false,false
110418,0.076,0.094,0.045,0.045,false,false,true
110419,0.123,0.022,0.05,0.01854,false,true,false
110420,0.09,0.06,0.075,0.05551,false,true,false
110422,0.125,0.02,0.07,0.02399,false,true,false
110423,0.078,0.098,0.075,0.10927,false,true,false
110424,0.11,0.035,0.055,0.02902,false,true,false
110426,0.078,0.098,0.075,0.10927,false,true,false
110428,0.048,0.083,0.042,0.025,true,false,false
110429,0.056,0.102,0.068,0.055,false,true,false
110431,0.123,0.015,0.055,0.01391,false,false,false
110432,0.078,0.207,0.084,0.355,false,true,false
110433,0.07,0.105,0.028,0.05,false,true,false
110434,0.09,0.038,0.049,0.02297,false,true,false
110435,0.12,0.025,0.065,0.02673,false,false,false
110436,0.085,0.05,0.06,0.03495,false,true,false
110437,0.041,0.083,0.049,0.025,true,true,false
110438,0.13,0.05,0.11,0.098,true,false,false
110439,0.071,0.094,0.06,0.05488,false,true,false
110440,0.135,0.03,0.055,0.03053,false,true,false
110441,0.071,0.094,0.06,0.05488,false,true,false
110442,0.048,0.106,0.071,0.075,false,false,false
110443,0.1,0.046,0.057,0.03594,false,false,false
110444,0.13,0.024,0.052,0.03104,false,false,false
110445,0.113,0.02,0.065,0.02013,false,true,false
110446,0.058,0.187,0.025,0.03716,false,true,false
110447,0.135,0.05,0.055,0.05088,false,false,true
110448,0.09,0.06,0.09,0.06661,false,true,false
110449,0.095,0.035,0.04,0.01823,false,false,false
110450,0.035,0.14,0.057,0.025,false,false,false
110452,0.039,0.122,0.079,0.04,false,false,false
110453,0.09,0.035,0.145,0.0626,false,true,false
110455,0.21,0.1,0.04,0.05,false,false,false
110457,0.106,0.15,0.098,0.085,false,true,false
110459,0.071,0.094,0.06,0.05488,false,true,false
110461,0.041,0.094,0.066,0.07,false,true,false
110462,0.042,0.098,0.065,0.03667,false,false,false
110463,0.059,0.085,0.048,0.04,false,true,false
110464,0.065,0.118,0.059,0.085,false,false,false
110465,0.062,0.052,0.125,0.0771,false,false,false
110466,0.09,0.042,0.145,0.07512,false,true,false
110468,0.088,0.096,0.026,0.03,false,false,false
110469,0.09,0.05,0.062,0.03824,false,true,false
110473,0.071,0.094,0.06,0.05488,false,true,false
110474,0.05,0.05,0.1,0.03427,false,true,false
110475,0.056,0.126,0.055,0.64,false,true,false
110478,0.061,0.104,0.048,0.07,false,true,false
110479,0.125,0.023,0.065,0.02561,false,false,false
110480,0.075,0.094,0.045,0.045,false,true,false
110481,0.066,0.083,0.04,0.03,false,true,false
110482,0.071,0.109,0.03,0.045,false,true,false
110483,0.1,0.045,0.055,0.03392,false,false,false
110484,0.11,0.045,0.07,0.04749,false,true,false
110485,0.265,0.125,0.055,0.18,false,false,false
110486,0.07,0.113,0.035,0.045,false,false,false
110487,0.045,0.045,0.11,0.04262,false,true,false
110489,0.061,0.086,0.059,0.0479,false,true,false
110490,,,,,false,false,false
110491,0.095,0.075,0.1,0.09766,false,false,true
110492,0.0725,0.095,0.0755,0.08196,false,false,false
110494,0.048,0.125,0.039,0.01,true,false,false
110495,0.124,0.035,0.05,0.02974,false,true,false
110496,0.034,0.032,0.09,0.01873,true,true,false
110497,0.04,0.03,0.099,0.02273,false,true,false
110498,0.056,0.056,0.107,0.03,false,true,false
110499,0.08,0.113,0.081,0.11,false,true,false
110500,0.053,0.033,0.09,0.03012,false,true,false
110501,0.079,0.03,0.188,0.06107,false,false,false
110502,0.044,0.044,0.1,0.03704,false,false,false
110503,0.05,0.035,0.095,0.03181,false,false,false
110504,0.054,0.034,0.11,0.03864,false,true,false
110505,0.255,0.093,0.18,0.18,false,false,true
110506,0.089,0.05,0.15,0.09149,false,true,false
110507,0.064,0.058,0.149,0.07581,false,true,false
110509,0.03,0.03,0.07,0.015,false,false,false
110511,0.15,0.025,0.06,0.03084,false,true,false
110512,0.136,0.14,0.055,0.045,false,true,false
110513,0.042,0.112,0.065,0.055,false,true,false
110514,0.124,0.035,0.05,0.02974,false,true,false
110517,0.05,0.096,0.036,0.06,false,true,false
110518,0.067,0.09,0.069,0.12,true,true,false
110519,0.045,0.039,0.101,0.03391,false,false,false
110520,0.036,0.115,0.028,0.045,false,true,false
110521,0.043,0.125,0.03,0.025,false,false,true
110522,0.042,0.112,0.03,0.047,false,false,false
110523,0.117,0.025,0.035,0.01959,false,false,false
110524,0.037,0.118,0.03,0.025,false,true,false
110525,0.036,0.092,0.022,0.015,false,true,false
110526,0.12,0.025,0.035,0.02009,false,false,true
110527,0.09,0.02,0.03,0.015,false,false,false
110528,0.036,0.116,0.028,0.025,false,false,true
110529,0.09,0.02,0.03,0.015,false,true,false
110530,0.098,0.111,0.038,0.045,false,false,false
110531,0.037,0.108,0.037,0.04,false,false,false
110533,0.125,0.025,0.035,0.02093,false,true,false
110534,0.124,0.029,0.035,0.02408,false,false,false
110535,0.167,0.04,0.052,0.06646,false,true,false
110536,0.035,0.032,0.082,0.01757,false,true,false
110537,0.126,0.034,0.033,0.02705,false,false,false
110538,0.038,0.099,0.041,0.03,false,false,false
110540,0.036,0.121,0.031,0.02,false,true,false
110541,0.037,0.123,0.031,0.025,false,false,false
110542,0.114,0.199,0.071,0.32,false,false,false
110543,0.071,0.094,0.06,0.05488,false,true,false
110546,0.11,0.05,0.06,0.04523,false,true,false
110548,0.084,0.135,0.036,0.045,true,true,false
110551,0.033,0.03,0.078,0.015,false,false,false
110552,0.042,0.126,0.025,0.02,false,true,false
110554,0.078,0.128,0.037,0.075,false,true,false
110555,0.043,0.152,0.032,0.07,false,true,false
110557,0.049,0.03,0.098,0.02756,false,true,false
110558,0.036,0.115,0.029,0.04,false,false,false
110561,0.14,0.018,0.047,0.02266,true,false,false
110562,0.14,0.03,0.072,0.04145,false,false,true
110564,0.135,0.06,0.055,0.06106,false,false,false
110567,0.12,0.02,0.05,0.01645,false,true,false
110568,0.047,0.081,0.028,0.04,false,false,false
110569,0.071,0.094,0.06,0.05488,false,true,false
110572,0.035,0.07,0.032,0.015,false,true,false
110573,0.03,0.03,0.065,0.015,false,true,false
110574,0.03,0.028,0.07,0.015,true,false,false
110575,0.028,0.028,0.083,0.015,false,false,true
110576,0.03,0.03,0.065,0.015,false,false,false
110577,0.035,0.077,0.035,0.017,false,false,false
110580,0.045,0.033,0.105,0.02983,false,true,false
110581,0.12,0.025,0.035,0.02009,false,false,true
110582,0.035,0.07,0.032,0.015,false,true,false
110583,0.043,0.108,0.03,0.025,false,true,false
110585,0.124,0.045,0.05,0.03824,false,true,false
110587,0.08,0.03,0.04,0.01316,false,true,false
110588,0.074,0.129,0.051,0.02,false,true,false
110589,0.039,0.102,0.049,0.06,false,true,false
110590,0.042,0.105,0.067,0.065,false,false,false
110591,0.13,0.085,0.072,0.10905,false,false,false
110592,0.062,0.172,0.095,0.06,false,false,true
110593,0.088,0.145,0.04,0.045,false,true,false
110594,0.09,0.035,0.145,0.0626,false,false,false
110595,0.09,0.035,0.145,0.0626,false,true,false
110596,0.069,0.123,0.028,0.02,false,true,false
110597,0.042,0.14,0.072,0.025,false,true,false
110598,0.045,0.093,0.047,0.031,false,false,false
110599,0.137,0.03,0.07,0.03943,false,true,false
110600,0.137,0.03,0.072,0.04056,false,false,false
110601,0.075,0.147,0.025,0.015,true,false,false
110603,0.06,0.031,0.112,0.02855,false,true,false
110604,0.061,0.031,0.112,0.02903,false,true,false
110606,0.09,0.06,0.07,0.05181,false,false,false
110607,0.097,0.02,0.085,0.0226,false,true,false
110608,0.067,0.082,0.047,0.055,false,false,false
110609,0.078,0.098,0.075,0.10927,false,true,false
110612,0.091,0.098,0.055,0.045,false,true,false
110615,0.115,0.025,0.062,0.02443,true,true,false
110617,0.1,0.046,0.057,0.03594,false,false,false
110618,0.121,0.164,0.051,0.15,false,false,false
110620,0.043,0.103,0.041,0.09,false,true,false
110622,0.11,0.06,0.06,0.05428,false,true,false
110623,0.135,0.058,0.065,0.06976,true,true,false
110624,0.13,0.07,0.07,0.08731,true,true,false
110703,0.043,0.105,0.022,0.02,false,false,false
110710,0.297,0.15,0.115,0.18,false,true,false
110847,0.12,0.08,0.075,0.09868,false,true,false
110918,0.053,0.14,0.048,0.05,false,true,false
111147,0.042,0.042,0.09,0.05,false,false,false
111207,0.046,0.095,0.051,0.045,true,true,false
111208,0.046,0.098,0.072,0.07,false,false,false
111210,0.037,0.114,0.065,0.02,false,true,false
111212,0.058,0.112,0.049,0.04363,false,false,false
111214,0.064,0.133,0.063,0.065,false,true,false
111218,0.15,0.115,0.085,0.18,false,false,true
111220,0.045,0.154,0.06,0.025,false,true,false
111222,0.124,0.025,0.058,0.02464,false,true,false
111223,0.059,0.123,0.028,0.025,false,true,false
111224,0.042,0.175,0.06,0.04,false,false,false
111225,0.071,0.094,0.06,0.05488,false,false,true
111226,0.028,0.14,0.06,0.03,true,false,false
111228,0.063,0.113,0.024,0.06,false,true,false
111229,0.136,0.02,0.055,0.0205,false,false,false
111233,0.09,0.117,0.065,0.14,false,false,true
111236,0.085,0.035,0.06,0.02447,false,false,true
111237,0.048,0.097,0.05,0.04,false,true,false
111238,0.063,0.118,0.066,0.065,false,true,false
111239,0.071,0.111,0.027,0.012,false,true,false
111241,0.028,0.028,0.05,0.015,false,true,false
111242,0.04,0.121,0.061,0.055,false,true,false
111243,0.041,0.122,0.061,0.065,false,false,false
111244,0.125,0.04,0.058,0.03975,false,false,false
111246,0.049,0.084,0.157,0.01,false,false,false
111247,0.048,0.105,0.021,0.015,false,true,false
111249,0.037,0.144,0.06,0.015,false,false,false
111252,0.122,0.06,0.052,0.05217,false,true,false
111257,0.045,0.045,0.075,0.02082,false,true,false
111258,0.045,0.045,0.075,0.02082,true,false,false
111261,0.082,0.16,0.065,0.125,false,false,false
111263,0.04,0.105,0.055,0.03166,true,true,false
111264,0.056,0.114,0.095,0.095,true,true,false
111265,0.116,0.2,0.05,0.15899,false,false,false
111266,0.203,0.097,0.06,0.175,false,false,false
111268,0.137,0.03,0.072,0.04056,true,true,false
111269,0.109,0.04,0.06,0.03586,false,false,true
111270,0.125,0.025,0.06,0.0257,false,true,false
111271,0.058,0.074,0.024,0.01412,false,true,false
111272,0.056,0.069,0.024,0.01,false,false,false
111273,0.12,0.05,0.092,0.07566,false,true,false
111274,0.052,0.1,0.054,0.045,false,false,false
111275,0.053,0.162,0.077,0.025,true,false,true
111276,0.044,0.085,0.06,0.03076,false,true,false
111277,0.102,0.06,0.045,0.03775,false,true,false
111279,0.215,0.09,0.11,0.355,false,false,true
111281,0.136,0.02,0.055,0.0205,false,true,false
111283,0.141,0.077,0.072,0.10714,false,false,false
111284,0.11,0.05,0.057,0.04297,false,true,false
111285,0.11,0.022,0.062,0.02056,false,false,false
111286,0.1,0.05,0.06,0.04112,false,false,true
111289,0.11,0.02,0.065,0.025,false,false,false
111295,0.13,0.025,0.055,0.0245,false,true,false
111296,0.036,0.082,0.044,0.02,false,true,false
111301,0.086,0.023,0.045,0.0122,false,true,false
111303,0.124,0.025,0.067,0.02847,false,true,false
111305,0.028,0.077,0.057,0.015,false,false,false
111307,0.049,0.117,0.038,0.018,false,true,false
111309,0.048,0.047,0.08,0.02474,false,true,false
111310,0.032,0.106,0.06,0.02,false,true,false
111311,0.071,0.094,0.06,0.05488,false,true,false
111312,0.11,0.04,0.055,0.03317,false,true,false
111314,0.102,0.045,0.04,0.02516,false,true,false
111315,0.03,0.03,0.085,0.015,false,true,false
111317,0.071,0.094,0.06,0.05488,true,false,false
111321,0.225,0.105,0.13,0.405,false,false,false
111322,0.155,0.105,0.035,0.07807,false,false,false
111323,0.054,0.136,0.045,0.05,false,false,false
111324,0.142,0.025,0.065,0.03163,false,false,false
111325,0.041,0.098,0.076,0.045,false,false,false
111326,0.077,0.096,0.029,0.06,false,true,false
111328,0.115,0.045,0.075,0.0532,true,false,false
111330,0.05,0.095,0.04,0.045,false,false,false
111331,0.093,0.032,0.063,0.0257,false,true,false
111333,0.071,0.094,0.06,0.05488,false,true,false
111335,0.062,0.133,0.034,0.005,true,true,false
111337,0.061,0.091,0.029,0.02,false,true,false
111341,0.039,0.067,0.032,0.015,false,false,true
111342,0.036,0.085,0.035,0.03,false,true,false
111344,0.13,0.075,0.06,0.08018,false,false,false
111345,0.071,0.094,0.06,0.05488,false,false,false
111348,0.045,0.102,0.032,0.02,false,true,false
111349,0.081,0.099,0.064,0.065,false,true,false
111350,0.046,0.079,0.024,0.01195,false,false,false
111355,,,,,false,true,false
111356,0.085,0.049,0.06,0.03425,false,true,false
111357,0.089,0.123,0.057,0.14,false,false,false
111359,0.048,0.097,0.05,0.05,false,true,false
111361,0.056,0.109,0.064,0.065,false,false,true
111362,0.066,0.103,0.048,0.215,false,true,false
111363,0.035,0.126,0.055,0.08,false,false,false
111366,0.115,0.025,0.05,0.0197,false,true,false
111367,0.08,0.02,0.055,0.01684,false,false,true
111368,0.063,0.126,0.072,0.175,false,true,false
111371,0.09,0.06,0.09,0.06661,false,false,false
111372,0.085,0.06,0.03,0.02097,false,false,false
111373,0.037,0.108,0.085,0.12,false,false,false
111376,0.044,0.085,0.06,0.03076,false,true,false
111377,0.11,0.05,0.06,0.04523,false,false,false
111378,0.085,0.062,0.08,0.05779,false,true,false
111379,0.042,0.111,0.065,0.1,false,false,false
111380,0.045,0.11,0.087,0.14,false,true,false
111383,0.037,0.083,0.054,0.035,false,false,false
111387,0.062,0.137,0.034,0.03,false,true,false
111390,0.042,0.161,0.097,0.015,false,true,false
111391,0.114,0.185,0.088,0.405,false,true,false
111623,0.043,0.129,0.032,0.025,false,true,false
111795,0.083,0.187,0.087,0.24,false,true,false
111832,0.036,0.036,0.079,0.03,false,true,false
111833,0.04,0.099,0.038,0.015,false,false,false
111836,0.071,0.094,0.06,0.05488,false,true,false
111837,0.049,0.116,0.056,0.045,false,false,false
111897,0.088,0.209,0.192,0.585,false,false,false
111964,0.235,0.15,0.04,0.24518,true,false,false
111988,0.035,0.105,0.048,0.023,false,false,true
111990,0.097,0.07,0.07,0.06515,false,false,false
111992,0.043,0.085,0.067,0.045,false,false,false
111995,0.071,0.094,0.06,0.05488,false,true,false
111996,0.096,0.096,0.06,0.07579,true,true,false
111997,0.18,0.086,0.1,0.18,true,false,false
111998,0.115,0.059,0.083,0.07719,false,true,false
111999,0.1,0.045,0.055,0.03392,false,false,false
112001,0.044,0.044,0.113,0.04186,false,false,false
112003,0.106,0.064,0.045,0.04184,false,true,false
112004,0.415,0.085,0.065,0.18,false,false,true
112006,0.112,0.033,0.055,0.02786,false,true,false
112007,0.068,0.127,0.06,0.11,false,true,false
112008,0.114,0.06,0.065,0.06094,false,true,false
112009,0.078,0.098,0.075,0.10927,false,false,false
112010,0.047,0.067,0.05,0.03012,false,true,false
112011,0.085,0.05,0.06,0.03495,false,false,false
112013,0.115,0.045,0.059,0.04185,true,true,false
112017,0.102,0.018,0.065,0.01636,false,true,false
112019,0.071,0.094,0.06,0.05488,false,true,false
112021,0.091,0.098,0.238,0.355,false,false,false
112022,0.059,0.123,0.037,0.015,false,false,false
112023,0.091,0.045,0.07,0.03929,false,false,true
112027,0.095,0.075,0.056,0.05469,false,false,false
112028,0.105,0.02,0.075,0.02159,false,false,false
112029,0.11,0.025,0.082,0.03091,false,true,false
112032,0.069,0.135,0.085,0.08,false,true,false
112034,0.04,0.03,0.097,0.01595,false,false,false
112036,0.105,0.025,0.052,0.01871,false,true,false
112039,0.035,0.105,0.078,0.01,false,true,false
112040,0.054,0.139,0.043,0.055,true,false,true
112041,0.115,0.025,0.062,0.02443,false,false,false
112043,0.071,0.094,0.06,0.05488,false,false,false
112044,0.049,0.113,0.054,0.05,false,true,false
112045,0.085,0.02,0.05,0.01165,false,false,false
112046,0.125,0.03,0.078,0.04009,false,false,false
112051,0.135,0.05,0.055,0.05088,false,false,false
112053,0.053,0.115,0.025,0.005,false,true,false
112056,0.05,0.118,0.039,0.03,false,false,false
112059,0.042,0.154,0.098,0.07,false,true,false
112061,0.043,0.079,0.03,0.025,false,false,false
112066,0.116,0.02,0.05,0.0159,false,false,true
112067,0.079,0.083,0.027,0.045,false,false,false
112068,0.05,0.088,0.038,0.045,false,false,false
112069,0.037,0.106,0.116,0.08,false,true,false
112070,0.039,0.1,0.118,0.08,false,false,false
112071,0.047,0.067,0.05,0.03012,false,false,false
112072,0.044,0.038,0.115,0.03679,false,true,false
112073,0.052,0.039,0.09,0.03492,false,true,false
112077,0.04,0.04,0.07,0.02143,false,false,false
112078,0.085,0.015,0.05,0.01,false,true,false
112080,0.07,0.112,0.072,0.09,false,true,false
112081,0.071,0.138,0.045,0.05,false,true,false
112083,0.065,0.136,0.059,0.06,false,false,false
112084,0.115,0.025,0.082,0.03231,false,true,false
112086,0.037,0.117,0.03,0.025,false,false,false
112087,0.117,0.025,0.035,0.01959,false,false,false
112191,0.12,0.06,0.085,0.08388,false,false,false
112193,0.125,0.06,0.07,0.07196,false,false,false
112194,0.059,0.112,0.039,0.05,true,true,false
112195,0.061,0.114,0.04,0.035,false,true,false
112198,0.111,0.085,0.104,0.13449,false,true,false
112200,0.062,0.114,0.03,0.018,false,true,false
112203,0.054,0.116,0.025,0.015,false,true,false
112204,0.095,0.06,0.07,0.05469,false,true,false
112205,0.077,0.105,0.244,0.04,false,true,false
112207,0.035,0.083,0.053,0.05,false,true,false
112208,0.045,0.085,0.049,0.035,false,false,false
112210,0.046,0.094,0.049,0.04,true,false,false
112211,0.056,0.133,0.026,0.01,false,false,false
112212,0.14,0.035,0.06,0.0403,false,false,false
112213,0.11,0.085,0.07,0.08971,false,true,false
112214,,,,,false,true,false
112215,0.145,0.035,0.06,0.04174,false,false,false
112216,0.058,0.139,0.041,0.045,false,false,false
112217,0.04,0.095,0.039,0.06,false,true,false
112218,,,,,false,false,false
112227,0.09,0.06,0.06,0.04441,false,false,true
112229,0.09,0.03,0.055,0.02035,false,true,false
112230,0.11,0.045,0.07,0.04749,true,true,false
112231,0.042,0.14,0.057,0.01,true,true,false
112233,0.1,0.044,0.047,0.02834,false,false,false
112240,0.097,0.052,0.069,0.0477,false,false,false
112247,0.089,0.096,0.115,0.34,false,false,false
112248,0.086,0.06,0.05,0.03536,false,false,false
112251,0.14,0.14,0.2,0.43,false,true,false
112252,0.042,0.049,0.093,0.045,true,true,false
112254,0.045,0.045,0.1,0.03874,false,false,false
112256,0.071,0.094,0.06,0.05488,false,false,true
112259,0.071,0.094,0.06,0.05488,false,false,false
112262,0.078,0.098,0.075,0.10927,false,false,true
112266,0.078,0.098,0.075,0.10927,false,true,false
112267,0.055,0.045,0.148,0.05021,false,false,false
112269,0.167,0.093,0.16,0.18,false,false,false
112272,0.078,0.098,0.075,0.10927,false,false,false
112273,0.058,0.094,0.094,0.175,false,true,false
112275,0.12,0.025,0.035,0.02009,false,false,true
112277,0.037,0.12,0.029,0.06,false,true,false
112278,0.09,0.02,0.03,0.015,true,true,false
112279,0.038,0.121,0.028,0.025,false,true,false
112281,0.037,0.117,0.03,0.06,false,true,false
112282,0.09,0.02,0.03,0.015,false,true,false
112283,0.047,0.067,0.05,0.03012,false,false,false
112284,0.055,0.118,0.03,0.01,false,false,true
112285,0.041,0.124,0.03,0.025,false,true,false
112286,0.168,0.04,0.05,0.06429,false,false,false
112287,0.04,0.04,0.095,0.02908,false,true,false
112288,0.038,0.115,0.025,0.025,false,true,false
112292,0.048,0.174,0.028,0.045,false,true,false
112294,0.04,0.127,0.032,0.045,false,false,false
112297,0.042,0.149,0.042,0.025,false,true,false
112300,0.042,0.119,0.027,0.025,false,true,false
112302,0.059,0.086,0.072,0.17,false,true,false
112305,0.131,0.169,0.104,0.01,false,false,false
112307,0.071,0.094,0.06,0.05488,false,true,false
112308,0.071,0.094,0.06,0.05488,false,true,false
112312,0.047,0.067,0.05,0.03012,false,true,false
112313,0.071,0.094,0.06,0.05488,false,true,false
112315,0.042,0.133,0.035,0.025,false,false,true
112316,0.047,0.067,0.05,0.03012,false,false,false
112317,0.042,0.1,0.027,0.025,false,true,false
112319,0.13,0.025,0.03,0.01865,false,false,false
112320,0.051,0.147,0.04,0.045,false,false,false
112323,0.035,0.14,0.042,0.015,false,true,false
112324,0.125,0.026,0.036,0.02239,false,false,false
112326,0.036,0.12,0.032,0.02645,false,false,false
112329,0.035,0.112,0.027,0.055,false,true,false
112330,0.048,0.047,0.08,0.02474,false,false,false
112331,0.038,0.122,0.032,0.04,false,false,false
112332,0.125,0.027,0.037,0.02389,false,false,false
112333,0.118,0.025,0.035,0.01975,false,true,false
112334,0.11,0.02,0.03,0.015,false,true,false
112335,0.118,0.025,0.035,0.01975,false,false,false
112340,0.039,0.135,0.027,0.025,false,true,false
112342,0.055,0.132,0.053,0.065,false,false,false
112344,0.045,0.045,0.019,0.015,false,true,false
112347,0.047,0.122,0.027,0.009,false,false,true
112348,0.04,0.125,0.027,0.015,false,true,false
112351,0.047,0.067,0.05,0.03012,false,true,false
112352,0.071,0.094,0.06,0.05488,false,true,false
112353,0.045,0.088,0.034,0.02,false,false,false
112355,0.061,0.123,0.059,0.06,false,true,false
112356,0.071,0.094,0.06,0.05488,false,true,false
112357,0.18,0.085,0.088,0.18,false,true,false
112359,0.137,0.035,0.049,0.0322,false,true,false
112361,0.047,0.067,0.05,0.03012,false,false,false
112363,0.137,0.035,0.05,0.03286,false,true,false
112364,0.096,0.02,0.058,0.02131,false,false,false
112365,0.058,0.094,0.024,0.015,false,true,false
112366,0.045,0.1,0.045,0.02775,false,false,false
112367,0.126,0.025,0.07,0.03022,true,false,true
112368,0.04,0.113,0.045,0.02,false,false,false
112369,0.108,0.02,0.041,0.01214,false,true,false
112371,0.137,0.03,0.072,0.04056,false,true,false
112372,0.13,0.05,0.055,0.049,false,false,false
112374,0.071,0.094,0.06,0.05488,false,true,false
112377,0.105,0.042,0.045,0.0272,false,true,false
112379,0.055,0.11,0.071,0.175,false,true,false
112380,0.058,0.071,0.116,0.175,false,true,false
112381,0.071,0.094,0.06,0.05488,false,false,false
112386,0.063,0.103,0.027,0.025,false,true,false
112387,0.038,0.142,0.062,0.025,false,false,true
112392,0.069,0.127,0.075,0.045,true,true,false
112394,0.09,0.1,0.058,0.115,false,true,false
112395,0.06,0.1,0.09,0.07401,false,true,false
112396,0.078,0.098,0.075,0.10927,false,true,false
112398,0.067,0.132,0.067,0.08122,false,false,false
112400,0.097,0.02,0.05,0.01329,false,false,true
112403,0.415,0.094,0.115,0.18,false,true,false
112404,0.092,0.07,0.063,0.05561,false,true,false
112430,0.042,0.133,0.065,0.02,false,true,false
112431,0.037,0.108,0.095,0.06,false,true,false
112432,0.215,0.09,0.11,0.18,false,true,false
112435,0.079,0.129,0.139,0.27,false,false,true
112440,0.0725,0.095,0.0755,0.08196,true,true,false
112442,0.103,0.137,0.024,0.06,false,true,false
112444,0.044,0.074,0.049,0.045,false,true,false
112445,0.062,0.122,0.023,0.02,false,true,false
112450,0.119,0.025,0.035,0.01992,false,false,false
112451,0.037,0.116,0.028,0.01,false,false,false
112452,0.042,0.098,0.025,0.06,false,false,true
112516,0.071,0.094,0.06,0.05488,false,false,false
113093,0.041,0.041,0.07,0.01,false,false,false
113097,0.18,0.07,0.18,0.18,true,false,false
113098,0.105,0.033,0.085,0.04037,false,true,false
113114,0.045,0.045,0.092,0.03564,false,true,false
113118,0.045,0.045,0.075,0.02906,false,false,false
113119,0.071,0.133,0.063,0.12,false,false,false
113122,0.265,0.04,0.105,0.15255,false,true,false
113124,0.049,0.15,0.075,0.02,false,true,false
113142,0.123,0.015,0.055,0.01391,false,false,false
113143,0.071,0.094,0.06,0.05488,false,false,false
113144,0.055,0.055,0.105,0.06077,false,true,false
113146,0.047,0.067,0.05,0.03012,false,true,false
113152,0.047,0.067,0.05,0.03012,false,false,false
113159,0.071,0.094,0.06,0.05488,false,true,false
113162,0.084,0.103,0.042,0.055,false,true,false
113164,0.04,0.074,0.046,0.055,false,false,false
113165,0.077,0.084,0.197,0.04,false,true,false
113170,0.05,0.054,0.143,0.065,false,true,false
113179,0.078,0.081,0.128,0.24,false,true,false
113194,0.09,0.06,0.09,0.06661,false,true,false
113195,0.073,0.117,0.046,0.07517,false,true,false
113197,0.13,0.025,0.057,0.02539,false,false,false
113201,0.051,0.074,0.052,0.03,false,false,false
113202,0.03,0.03,0.065,0.015,false,true,false
113203,0.029,0.098,0.027,0.024,false,true,false
113205,0.092,0.07,0.064,0.05649,false,true,false
113209,0.077,0.105,0.222,0.56,false,true,false
113216,0.071,0.094,0.06,0.05488,false,true,false
113218,0.047,0.07,0.05,0.01,false,false,false
113225,0.071,0.094,0.06,0.05488,false,false,false
113226,0.051,0.111,0.078,0.11,false,false,true
113227,0.047,0.067,0.05,0.03012,false,true,false
113230,0.12,0.035,0.045,0.03616,false,false,true
113231,0.13,0.03,0.072,0.05372,false,true,false
113232,0.05,0.112,0.068,0.05,false,false,false
113314,0.32,0.24,0.32,0.18,false,true,false
114522,0.092,0.07,0.063,0.05561,false,true,false
114652,0.105,0.07,0.1,0.10074,false,false,false
114745,0.1,0.075,0.084,0.08635,false,true,false
114747,0.047,0.067,0.05,0.03012,false,true,false
114748,0.047,0.067,0.05,0.03012,false,false,false
114762,0.32,0.24,0.32,0.13,true,true,false
114899,0.049,0.126,0.067,0.05,false,true,false
115063,0.082,0.1,0.024,0.035,false,false,false
115077,0.05,0.03,0.11,0.03157,false,false,false
115089,0.11,0.02,0.03,0.015,false,false,false
115095,0.047,0.067,0.05,0.03012,false,false,false
115120,0.05,0.025,0.075,0.01794,false,false,true
115130,0.078,0.173,0.049,0.065,false,false,false
115172,0.043,0.193,0.053,0.13,false,true,false
115181,0.042,0.125,0.042,0.045,false,false,false
115355,0.033,0.12,0.037,0.06,true,true,false
115572,0.078,0.098,0.075,0.10927,false,true,false
115573,0.057,0.067,0.093,0.07,false,true,false
115580,0.198,0.03,0.05,0.05682,false,true,false
115584,0.048,0.048,0.125,0.04457,false,true,false
115589,0.21,0.185,0.088,0.18,true,false,false
115591,0.1,0.055,0.045,0.03392,true,true,false
115686,0.047,0.067,0.05,0.03012,false,false,false
115752,0.047,0.067,0.05,0.03012,false,true,false
115770,0.115,0.02,0.05,0.01576,false,true,false
115771,0.047,0.067,0.05,0.03012,true,false,false
115785,0.047,0.067,0.05,0.03012,false,true,false
115786,0.071,0.094,0.06,0.05488,false,true,false
115794,0.049,0.098,0.047,0.025,false,true,false
115951,0.071,0.094,0.06,0.05488,false,false,false
115973,0.087,0.03,0.03,0.015,false,true,false
115980,0.071,0.094,0.06,0.05488,false,true,false
115987,0.071,0.094,0.06,0.05488,false,true,false
115988,0.185,0.112,0.09,0.18,false,true,false
115997,0.1,0.05,0.045,0.03084,false,true,false
116001,0.047,0.067,0.05,0.03012,false,false,false
116041,0.047,0.067,0.05,0.03012,false,true,false
116363,0.049,0.083,0.041,0.02,false,true,false
117002,0.047,0.067,0.05,0.03012,true,false,false
117010,0.047,0.067,0.05,0.03012,false,false,true
117011,0.071,0.094,0.06,0.05488,false,false,true
117015,0.071,0.094,0.06,0.05488,false,false,false
117024,0.071,0.094,0.06,0.05488,false,true,false
117025,0.071,0.094,0.06,0.05488,false,false,false
117027,0.07,0.064,0.055,0.03377,false,true,false
117029,0.095,0.091,0.06,0.07109,false,false,true
117030,0.078,0.098,0.075,0.10927,false,false,true
117084,0.32,0.24,0.32,0.13,false,true,false
117140,0.205,0.13,0.095,0.18,false,true,false
117146,0.047,0.067,0.05,0.03012,false,true,false
117402,0.032,0.114,0.05,0.025,false,true,false
117415,0.047,0.067,0.05,0.03012,false,false,false
117418,0.047,0.067,0.05,0.03012,true,true,false
117422,0.047,0.067,0.05,0.03012,false,false,false
117427,0.047,0.067,0.05,0.03012,false,false,false
117429,0.059,0.108,0.026,0.015,true,false,false
117431,0.059,0.094,0.056,0.05,false,true,false
117432,0.061,0.033,0.112,0.0309,false,true,false
117442,0.112,0.146,0.105,0.275,false,false,false
118300,0.047,0.067,0.05,0.03012,false,true,false
118396,0.071,0.094,0.06,0.05488,false,false,false
118430,0.047,0.067,0.05,0.03012,false,false,false
118459,0.071,0.094,0.06,0.05488,true,true,false
118468,0.047,0.067,0.05,0.03012,false,false,false
118475,0.071,0.094,0.06,0.05488,false,false,false
118483,0.047,0.067,0.05,0.03012,false,true,false
118493,0.039,0.086,0.025,0.03,false,true,false
118498,0.047,0.067,0.05,0.03012,false,false,false
118501,0.047,0.067,0.05,0.03012,false,true,false
118504,0.054,0.129,0.061,0.145,false,true,false
118506,0.077,0.121,0.044,0.055,false,true,false
118512,0.071,0.094,0.06,0.05488,true,false,false
118513,0.071,0.094,0.06,0.05488,false,true,false
118518,0.061,0.033,0.111,0.04275,false,true,false
118520,0.047,0.067,0.05,0.03012,false,true,false
118529,0.042,0.126,0.075,0.012,false,true,false
118531,0.047,0.067,0.05,0.03012,false,true,false
118532,0.038,0.101,0.06,0.02,false,false,true
118539,0.25,0.1,0.13,0.355,false,true,false
119514,0.089,0.096,0.065,0.09657,false,false,false
119516,0.047,0.067,0.05,0.03012,false,true,false
119644,0.1,0.1,0.25,0.13,false,false,false
119945,0.047,0.067,0.05,0.03012,false,false,false
119948,0.04,0.102,0.037,0.025,true,true,false
120049,0.094,0.217,0.116,0.245,false,true,false
120052,0.135,0.03,0.095,0.05273,false,false,false
120167,0.071,0.094,0.06,0.05488,false,true,false
120184,0.047,0.067,0.05,0.03012,false,true,false
120235,0.215,0.11,0.09,0.18,false,false,false
120257,0.071,0.094,0.06,0.05488,false,true,false
120272,0.08,0.018,0.042,0.015,false,true,false
120318,0.061,0.115,0.053,0.095,false,true,false
120359,0.137,0.025,0.058,0.02723,false,true,false
120382,0.04,0.03,0.117,0.02686,false,true,false
120447,0.07,0.065,0.112,0.06985,false,true,false
120448,0.067,0.11,0.067,0.085,false,false,false
120449,0.07,0.065,0.112,0.06985,false,true,false
120450,0.061,0.111,0.074,0.12,false,true,false
120775,0.106,0.025,0.065,0.02361,false,true,false
120778,0.12,0.025,0.075,0.03084,false,false,false
120779,0.049,0.077,0.182,0.015,false,false,false
121567,0.04,0.078,0.062,0.03,false,false,true
121568,0.08,0.04,0.06,0.02632,false,true,false
121570,0.08,0.04,0.06,0.02632,false,true,false
121710,0.047,0.067,0.05,0.03012,true,true,false
121745,0.068,0.117,0.079,0.175,false,false,true
121807,0.071,0.094,0.06,0.05488,false,false,false
121814,0.047,0.067,0.05,0.03012,false,true,false
121833,0.042,0.102,0.034,0.02,false,true,false
121874,0.038,0.099,0.049,0.04,false,false,false
121875,0.064,0.091,0.025,0.525,false,false,false
121892,0.071,0.094,0.06,0.05488,false,true,false
121904,0.061,0.105,0.028,0.025,false,false,false
121914,0.119,0.12,0.113,0.27,false,true,false
121917,0.058,0.116,0.054,0.05,false,false,true
121926,0.071,0.094,0.06,0.05488,false,true,false
121930,0.047,0.067,0.05,0.03012,false,false,true
121937,0.049,0.11,0.055,0.055,true,false,false
121939,0.11,0.091,0.07,0.09604,false,false,false
122555,0.071,0.094,0.06,0.05488,true,true,false
122556,0.057,0.099,0.026,0.02,false,false,false
122631,0.035,0.119,0.027,0.025,false,true,false
122632,0.042,0.125,0.027,0.03,false,true,false
122643,0.116,0.024,0.066,0.02518,false,false,false
122644,0.071,0.094,0.06,0.05488,false,true,false
122645,0.135,0.039,0.072,0.05196,false,false,false
122675,0.051,0.115,0.047,0.17,false,true,false
122678,0.071,0.094,0.06,0.05488,false,false,true
122682,0.042,0.147,0.06,0.03,true,true,false
122686,0.071,0.094,0.06,0.05488,false,true,false
122687,0.047,0.067,0.05,0.03012,false,false,false
122697,0.0725,0.095,0.0755,0.08196,true,false,false
122778,0.071,0.094,0.06,0.05488,false,true,false
122814,0.145,0.045,0.08,0.07155,false,false,false
122938,0.057,0.147,0.097,0.085,false,true,false
122941,0.071,0.094,0.06,0.05488,false,true,false
122980,0.064,0.111,0.04,0.03,false,true,false
123034,0.071,0.094,0.06,0.05488,false,true,false
123035,0.058,0.084,0.022,0.015,false,false,true
123063,0.071,0.094,0.06,0.05488,false,true,false
123069,0.024,0.092,0.027,0.09,false,false,true
123094,0.047,0.067,0.05,0.03012,false,true,false
123128,0.051,0.114,0.057,0.015,true,false,false
123129,0.071,0.094,0.06,0.05488,true,true,false
123130,0.071,0.094,0.06,0.05488,false,true,false
123149,,,,,false,true,false
123252,0.042,0.061,0.117,0.06,false,true,false
123272,0.041,0.041,0.104,0.06,false,true,false
123304,0.047,0.067,0.05,0.03012,false,true,false
123305,0.073,0.167,0.042,0.09796,false,false,false
123306,0.047,0.165,0.023,0.06,false,false,false
123309,0.047,0.067,0.05,0.03012,false,true,false
123310,0.071,0.094,0.06,0.05488,false,true,false
123311,0.068,0.151,0.061,0.05,false,false,false
123753,0.085,0.04,0.055,0.02563,true,true,false
123763,0.042,0.133,0.072,0.051,false,true,false
123788,0.095,0.125,0.029,0.031,false,false,false
124008,0.091,0.112,0.12,0.125,false,false,true
124012,0.09,0.04,0.088,0.06061,true,true,false
124034,0.042,0.025,0.085,0.01708,false,false,false
124080,0.095,0.02,0.04,0.015,false,false,true
124183,0.038,0.131,0.035,0.045,false,true,false
124184,0.047,0.164,0.04,0.075,false,false,false
124205,0.045,0.035,0.12,0.03616,false,false,false
124207,0.064,0.108,0.04,0.055,false,false,false
124208,0.097,0.03,0.056,0.02234,false,false,false
124210,0.09,0.025,0.05,0.01542,false,true,false
124211,0.059,0.085,0.026,0.008,false,false,false
124230,0.165,0.04,0.09,0.11365,false,true,false
124233,0.044,0.044,0.076,0.02017,true,false,false
124234,0.045,0.045,0.075,0.02082,false,true,false
124272,0.047,0.067,0.05,0.03012,false,false,false
124298,0.043,0.053,0.152,0.045,false,true,false
124335,0.071,0.094,0.06,0.05488,false,false,true
124402,0.04,0.129,0.066,0.135,false,false,false
124403,0.044,0.128,0.081,0.015,false,false,true
124476,0.047,0.067,0.05,0.03012,false,true,false
124478,0.069,0.141,0.03,0.02,false,true,false
124483,0.043,0.159,0.062,0.035,false,true,false
124666,0.071,0.094,0.06,0.05488,false,false,false
124702,0.056,0.122,0.027,0.015,false,false,false
124704,0.041,0.104,0.057,0.05,false,false,false
124705,0.134,0.038,0.072,0.05025,false,false,false
124794,0.071,0.094,0.06,0.05488,false,false,false
124795,0.071,0.094,0.06,0.05488,false,false,true
124826,0.14,0.02,0.068,0.03643,false,true,false
124896,0.14,0.02,0.065,0.03482,false,false,false
124899,0.073,0.151,0.035,0.075,false,true,false
124994,0.049,0.101,0.051,0.045,true,true,false
125121,0.071,0.094,0.06,0.05488,false,true,false
125172,0.071,0.094,0.06,0.05488,false,true,false
125174,0.071,0.094,0.06,0.05488,false,true,false
125175,0.14,0.02,0.055,0.02111,false,false,false
125176,0.045,0.02,0.093,0.01147,false,true,false
125179,0.066,0.15,0.041,0.095,false,true,false
125180,0.113,0.028,0.047,0.02038,false,true,false
125181,0.062,0.128,0.034,0.025,false,false,true
125183,0.112,0.148,0.027,0.055,false,false,false
125185,0.073,0.099,0.057,0.07,false,true,false
125194,0.071,0.094,0.06,0.05488,false,false,false
125246,0.056,0.077,0.048,0.035,false,true,false
125286,0.047,0.067,0.05,0.03012,false,false,false
125297,0.047,0.067,0.05,0.03012,false,false,false
125371,0.059,0.134,0.031,0.05,false,true,false
125389,0.071,0.094,0.06,0.05488,false,false,false
125413,0.071,0.094,0.06,0.05488,false,false,false
125461,0.071,0.094,0.06,0.05488,false,false,true
125462,0.071,0.094,0.06,0.05488,true,true,false
125463,0.045,0.103,0.056,0.03,false,false,false
125469,0.038,0.102,0.039,0.055,true,true,false
125500,0.071,0.094,0.06,0.05488,false,true,false
125535,0.055,0.134,0.044,0.05,false,false,false
125547,0.047,0.067,0.05,0.03012,false,true,false
125549,0.047,0.067,0.05,0.03012,false,true,false
125570,0.071,0.094,0.06,0.05488,false,true,false
125583,0.084,0.091,0.168,0.03,false,true,false
125617,0.082,0.137,0.034,0.02,false,true,false
125639,0.04,0.168,0.039,0.08,false,true,false
125701,0.035,0.147,0.07,0.02,false,false,false
125831,0.067,0.117,0.026,0.03,false,true,false
126301,0.071,0.094,0.06,0.05488,false,true,false
126308,0.057,0.108,0.034,0.08,false,true,false
126345,0.049,0.105,0.05,0.03,true,false,false
126347,0.042,0.091,0.035,0.03,true,true,false
126832,0.051,0.127,0.082,0.035,false,true,false
126833,0.037,0.11,0.088,0.04,false,false,false
126834,0.071,0.094,0.06,0.05488,false,true,false
127260,0.11,0.05,0.254,0.18,false,false,false
127276,0.11,0.03,0.052,0.02352,false,true,false
127326,0.047,0.067,0.05,0.03012,false,false,false
127332,0.038,0.042,0.07,0.078,false,false,false
127405,0.071,0.094,0.06,0.05488,true,false,true
127444,0.04,0.041,0.071,0.04,true,true,false
127445,0.04,0.041,0.071,0.043,false,false,false
127465,0.047,0.067,0.05,0.03012,true,true,false
127468,0.071,0.094,0.06,0.05488,false,true,false
127570,0.057,0.103,0.049,0.015,false,false,false
127626,0.049,0.126,0.067,0.01,false,false,false
127627,0.071,0.094,0.06,0.05488,true,true,false
127717,0.04,0.04,0.11,0.03367,false,false,true
129517,0.059,0.083,0.049,0.055,false,false,false
129518,0.047,0.067,0.05,0.03012,false,true,false
129530,0.044,0.134,0.072,0.06,false,false,false
129531,0.044,0.077,0.022,0.015,false,true,false
129578,0.071,0.094,0.06,0.05488,false,false,false
129717,0.047,0.067,0.05,0.03012,false,false,false
129719,0.105,0.04,0.045,0.0259,false,true,false
129726,0.071,0.094,0.06,0.05488,false,false,false
129752,0.083,0.119,0.09,0.32,false,false,false
129782,0.089,0.096,0.065,0.09657,true,true,false
129854,0.15,0.04,0.06,0.04934,false,true,false
130011,0.037,0.134,0.072,0.03,false,false,false
130718,0.071,0.094,0.06,0.05488,true,true,false
131140,0.071,0.094,0.06,0.05488,false,false,false
131216,0.071,0.094,0.06,0.05488,false,true,false
131218,0.095,0.11,0.05,0.095,false,true,false
131530,0.062,0.103,0.029,0.013,false,false,false
131531,0.071,0.094,0.06,0.05488,false,false,false
131532,0.071,0.094,0.06,0.05488,false,false,false
131589,0.035,0.126,0.055,0.025,false,false,true
131590,0.049,0.14,0.062,0.025,false,false,false
131591,0.071,0.094,0.06,0.05488,false,false,false
131642,0.089,0.1575,0.1005,0.34428,false,true,false
131653,0.071,0.094,0.06,0.05488,false,false,false
131656,0.047,0.067,0.05,0.03012,true,true,false
131663,0.047,0.067,0.05,0.03012,false,true,false
131887,0.061,0.086,0.059,0.0479,false,false,false
131888,0.089,0.1575,0.1005,0.34428,false,true,false
131889,0.091,0.151,0.077,0.26,false,false,false
131891,0.047,0.067,0.05,0.03012,false,false,false
131970,0.059,0.091,0.051,0.035,false,true,false
131976,0.09,0.149,0.059,0.07,false,true,false
131980,0.071,0.094,0.06,0.05488,false,true,false
131990,0.047,0.067,0.05,0.03012,false,true,false
132276,0.046,0.129,0.03,0.245,false,false,false
132277,0.062,0.128,0.03,0.06,false,true,false
132278,0.047,0.067,0.05,0.03012,true,false,false
132279,0.036,0.121,0.027,0.045,false,false,false
132280,0.047,0.067,0.05,0.03012,false,true,false
132315,0.047,0.067,0.05,0.03012,false,true,false
132414,0.071,0.094,0.06,0.05488,false,true,false
132418,0.047,0.067,0.05,0.03012,false,false,false
132437,0.089,0.1575,0.1005,0.34428,false,false,false
132450,0.087,0.164,0.124,0.43,false,true,false
132452,0.071,0.094,0.06,0.05488,false,false,false
132494,0.071,0.094,0.06,0.05488,false,false,false
132495,0.071,0.094,0.06,0.05488,false,true,false
132591,0.071,0.094,0.06,0.05488,false,false,true
132597,0.047,0.067,0.05,0.03012,false,false,false
132607,0.047,0.067,0.05,0.03012,false,false,true
132610,0.089,0.096,0.065,0.09657,false,true,false
132613,0.047,0.067,0.05,0.03012,false,true,false
132625,0.067,0.081,0.028,0.035,false,true,false
132636,0.071,0.094,0.06,0.05488,false,true,false
133206,0.062,0.159,0.076,0.115,true,false,false
133300,0.037,0.116,0.03,0.05,false,false,false
133303,0.047,0.067,0.05,0.03012,false,false,false
133306,0.071,0.094,0.06,0.05488,false,false,false
133307,0.047,0.067,0.05,0.03012,false,true,false
133308,0.089,0.096,0.065,0.09657,false,true,false
133309,0.047,0.067,0.05,0.03012,false,true,false
133910,0.047,0.067,0.05,0.03012,false,true,false
133947,0.061,0.086,0.059,0.0479,false,false,true
134027,0.071,0.094,0.06,0.05488,false,true,false
134028,0.063,0.11,0.094,0.13,false,false,false
134029,0.071,0.094,0.06,0.05488,false,false,false
134100,0.047,0.067,0.05,0.03012,false,true,false
134101,0.047,0.067,0.05,0.03012,true,false,false
134122,0.044,0.065,0.048,0.04,false,false,false
134412,0.047,0.067,0.05,0.03012,false,true,false
134413,0.071,0.094,0.06,0.05488,false,false,false
134484,0.071,0.094,0.06,0.05488,false,true,false
134499,0.071,0.094,0.06,0.05488,false,false,false
134500,0.071,0.094,0.06,0.05488,false,true,false
134546,0.074,0.123,0.031,0.01,false,false,false
134553,0.113,0.129,0.092,0.57,true,false,false
134598,0.071,0.094,0.06,0.05488,false,false,false
134599,0.061,0.083,0.03,0.015,false,true,false
134611,0.044,0.071,0.035,0.06,true,false,false
134639,0.059,0.153,0.098,0.1,false,false,false
134642,0.071,0.094,0.06,0.05488,false,true,false
134659,0.042,0.134,0.072,0.03,true,false,false
134660,0.071,0.094,0.06,0.05488,false,false,false
134669,0.047,0.067,0.05,0.03012,false,true,false
134677,0.047,0.067,0.05,0.03012,true,true,false
134679,0.071,0.094,0.06,0.05488,false,false,false
134680,0.046,0.097,0.062,0.02,false,true,false
134683,0.071,0.094,0.06,0.05488,false,true,false
134686,0.065,0.101,0.036,0.03239,false,false,false
134698,0.071,0.094,0.06,0.05488,false,true,false
134810,0.071,0.094,0.06,0.05488,false,true,false
134817,0.041,0.099,0.047,0.015,true,true,false
134885,0.047,0.067,0.05,0.03012,false,true,false
134916,0.047,0.067,0.05,0.03012,false,false,false
135012,0.048,0.079,0.03,0.015,false,true,false
135013,0.071,0.094,0.06,0.05488,false,false,false
135025,0.039,0.095,0.041,0.02,false,true,false
135026,0.039,0.095,0.04,0.035,false,true,false
135075,0.047,0.067,0.05,0.03012,false,false,false
135095,0.047,0.067,0.05,0.03012,false,true,false
135096,0.047,0.067,0.05,0.03012,false,true,false
135156,0.071,0.094,0.06,0.05488,false,true,false
135157,0.071,0.094,0.06,0.05488,false,true,false
135158,0.071,0.094,0.06,0.05488,false,true,false
135160,0.039,0.042,0.099,0.105,false,true,false
135161,0.0725,0.095,0.0755,0.08196,false,true,false
135181,0.071,0.094,0.06,0.05488,false,false,false
135185,0.071,0.094,0.06,0.05488,false,false,false
135193,0.071,0.094,0.06,0.05488,false,false,false
135194,0.071,0.094,0.06,0.05488,false,true,false
135368,0.079,0.118,0.03,0.014,false,true,false
135420,0.048,0.135,0.07,0.045,true,true,false
135531,0.047,0.067,0.05,0.03012,false,false,false
135545,0.039,0.101,0.047,0.105,false,true,false
135742,0.047,0.067,0.05,0.03012,false,true,false
135744,0.071,0.094,0.06,0.05488,false,false,false
135887,0.071,0.094,0.06,0.05488,false,false,true
136197,0.047,0.122,0.03,0.01,false,false,false
136877,0.047,0.067,0.05,0.03012,true,true,false
136918,0.047,0.067,0.05,0.03012,true,true,false
136921,0.047,0.067,0.05,0.03012,false,true,false
136923,0.071,0.094,0.06,0.05488,false,true,false
136957,0.071,0.094,0.06,0.05488,false,true,false
136966,0.125,0.209,0.129,0.415,false,true,false
136967,0.084,0.174,0.123,0.02,true,false,false
136977,0.071,0.094,0.06,0.05488,false,true,false
136998,0.047,0.067,0.05,0.03012,false,true,false
137330,0.077,0.154,0.085,0.105,false,true,false
137523,0.111,0.158,0.052,0.135,false,true,false
137560,0.047,0.067,0.05,0.03012,false,false,false
137562,0.049,0.091,0.052,0.042,false,true,false
137575,0.047,0.067,0.05,0.03012,false,false,true
137931,0.071,0.094,0.06,0.05488,false,true,false
138090,0.047,0.067,0.05,0.03012,false,false,false
138245,0.047,0.067,0.05,0.03012,false,true,false
138350,0.081,0.111,0.034,0.02,false,false,false
138351,0.077,0.118,0.033,0.045,false,true,false
138352,0.076,0.121,0.033,0.01,false,false,false
138355,0.047,0.067,0.05,0.03012,false,true,false
138368,0.03,0.137,0.057,0.015,false,true,false
138386,0.071,0.094,0.06,0.05488,false,false,true
138387,0.047,0.067,0.05,0.03012,false,false,true
138388,0.071,0.094,0.06,0.05488,false,true,false
138468,0.071,0.094,0.06,0.05488,false,true,false
138469,0.047,0.067,0.05,0.03012,false,true,false
138499,0.071,0.094,0.06,0.05488,false,true,false
138500,0.071,0.094,0.06,0.05488,false,false,false
138501,0.071,0.094,0.06,0.05488,false,false,false
138661,0.071,0.094,0.06,0.05488,true,true,false
138901,0.071,0.094,0.06,0.05488,false,true,false
138902,0.071,0.094,0.06,0.05488,false,false,true
138904,0.047,0.067,0.05,0.03012,false,false,false
138935,0.047,0.067,0.05,0.03012,true,true,false
138936,0.071,0.094,0.06,0.05488,false,true,false
138990,0.071,0.094,0.06,0.05488,false,false,true
139021,0.071,0.094,0.06,0.05488,false,false,false
139112,1.5,0.5,0.95,0.18,false,true,false
139113,0.071,0.094,0.06,0.05488,false,true,false
139114,0.071,0.094,0.06,0.05488,true,true,false
139115,0.071,0.094,0.06,0.05488,false,false,false
139116,0.071,0.094,0.06,0.05488,false,true,false
139147,0.047,0.067,0.05,0.03012,false,false,false
139148,0.071,0.094,0.06,0.05488,false,true,false
139149,0.047,0.067,0.05,0.03012,false,false,false
139150,0.071,0.094,0.06,0.05488,false,true,false
139154,0.071,0.094,0.06,0.05488,false,false,false
139166,0.047,0.067,0.05,0.03012,false,true,false
139195,0.047,0.067,0.05,0.03012,false,false,false
139198,0.071,0.094,0.06,0.05488,false,false,false
139225,0.071,0.094,0.06,0.05488,false,false,false
139236,0.071,0.094,0.06,0.05488,false,true,false
139243,0.071,0.094,0.06,0.05488,false,true,false
139323,0.047,0.067,0.05,0.03012,false,true,false
140001,0.047,0.067,0.05,0.03012,false,true,false
140005,0.047,0.067,0.05,0.03012,false,true,false
140015,0.0725,0.095,0.0755,0.08196,true,false,true
140016,0.047,0.067,0.05,0.03012,true,true,false
140021,0.047,0.067,0.05,0.03012,false,false,false
140078,0.047,0.067,0.05,0.03012,false,false,false
140079,0.071,0.094,0.06,0.05488,false,true,false
140082,0.0725,0.095,0.0755,0.08196,false,false,false
140084,0.061,0.086,0.059,0.0479,false,true,false
140087,0.047,0.067,0.05,0.03012,false,true,false
140089,0.047,0.067,0.05,0.03012,false,true,false
140397,0.047,0.067,0.05,0.03012,false,false,false
140800,0.036,0.074,0.032,0.03,false,true,false
140839,0.047,0.067,0.05,0.03012,false,false,false
140881,0.071,0.094,0.06,0.05488,false,true,false
140965,0.047,0.067,0.05,0.03012,false,false,true
141084,0.047,0.067,0.05,0.03012,false,false,true
141276,0.052,0.03,0.118,0.03522,true,true,false
141277,0.064,0.037,0.135,0.06116,false,true,false
141922,0.047,0.067,0.05,0.03012,false,true,false
143024,0.047,0.067,0.05,0.03012,false,false,false
143381,0.047,0.067,0.05,0.03012,false,false,false
149303,0.047,0.067,0.05,0.03012,false,false,false
149346,0.047,0.067,0.05,0.03012,false,true,false
149347,0.035,0.098,0.065,0.15,false,true,false
149398,0.047,0.067,0.05,0.03012,true,true,false
149467,0.047,0.067,0.05,0.03012,false,true,false
149642,0.071,0.094,0.06,0.05488,true,true,false
149920,0.061,0.086,0.059,0.0479,false,true,false
150452,0.071,0.094,0.06,0.05488,false,true,false
150455,0.071,0.094,0.06,0.05488,false,true,false
214618,0.119,0.065,0.06,0.06361,false,true,false
214619,0.157,0.015,0.075,0.02421,false,true,false
