attribute_combination,sku_count,total_required_ea,required_slots,required_racks,unresolved_skus
chilled=F · tablet=F · flammable=F · oversize=F,500,97503,1271,106,0
chilled=F · tablet=F · flammable=F · oversize=T,3,4,4,1,3
chilled=F · tablet=F · flammable=T · oversize=F,107,13154,150,13,0
chilled=F · tablet=T · flammable=F · oversize=F,758,128991,1626,136,0
chilled=F · tablet=T · flammable=F · oversize=T,4,22,22,2,4
chilled=T · tablet=F · flammable=F · oversize=F,53,9921,123,11,0
chilled=T · tablet=F · flammable=T · oversize=F,10,2588,19,2,0
chilled=T · tablet=T · flammable=F · oversize=F,88,15000,119,10,0
chilled=T · tablet=T · flammable=F · oversize=T,1,1,1,1,1
