resource_id,capacity,before_load,after_load,before_normalized_load,after_normalized_load
lane:0,,0.0,0.0,0.0,0.0
lane:1,,0.0,0.0,0.0,0.0
lane:10,,0.0,0.0,0.0,0.0
lane:100,,0.0,5737.333333333332,0.0,0.2902954594435978
lane:1000,,0.0,7602.000000000002,0.0,0.3846431703503773
lane:1001,,0.0,17453.499999999996,0.0,0.883105705565681
lane:1002,,367.0,30668.0,0.018569329586765118,1.55172806475998
lane:1003,,4703.500000000001,48241.499999999985,0.23798594471757428,2.440905485721878
lane:1004,,5567.499999999998,49846.5,0.28170229557034,2.5221146791462874
lane:1005,,7172.499999999997,51826.00000000001,0.3629114889947487,2.6222726843697255
lane:1006,,34005.999999999985,83931.5,1.7206229480314288,4.24673483981356
lane:1007,,51182.00000000002,106357.99999999999,2.589687811743359,5.381462550924153
lane:1008,,73951.49999999993,130152.00000000003,3.7417705093614697,6.585382518737478
lane:1009,,102176.00000000007,155956.50000000012,5.169863269365979,7.891029018251598
lane:101,,0.0,5133.666666666666,0.0,0.2597513578254038
lane:1010,,136301.50000000015,183065.0000000002,6.896532633979478,9.262654825071282
lane:1011,,136301.50000000015,183065.0000000002,6.896532633979478,9.262654825071282
lane:1012,,45433.83333333332,61021.66666666665,2.29884421132649,3.0875516083570895
lane:1013,,45433.83333333332,61021.66666666665,2.29884421132649,3.0875516083570895
lane:1014,,45433.83333333332,61021.66666666665,2.29884421132649,3.0875516083570895
lane:1015,,0.0,0.0,0.0,0.0
lane:1016,,0.0,1381.0,0.0,0.0698753246848028
lane:1017,,3.4999999999999996,8599.000000000007,0.00017709169905634307,0.4350890057672845
lane:1018,,3.4999999999999996,8599.000000000007,0.00017709169905634307,0.4350890057672845
lane:1019,,3.4999999999999996,16288.5,0.00017709169905634307,0.8241594685940699
lane:102,,0.0,4556.333333333332,0.0,0.23053966041915744
lane:1020,,3.4999999999999996,18083.5,0.00017709169905634307,0.914982211395823
lane:1021,,3.4999999999999996,20247.500000000007,0.00017709169905634307,1.0244754790409452
lane:1022,,3.4999999999999996,22747.50000000001,0.00017709169905634307,1.1509695497954762
lane:1023,,645.4999999999999,25293.499999999996,0.032660769068819845,1.2797911114518896
lane:1024,,2317.499999999999,28309.500000000004,0.11726000358944999,1.432393558410156
lane:1025,,5360.500000000001,32068.499999999993,0.27122858651186493,1.6225900431966678
lane:1026,,5360.500000000001,32068.499999999993,0.27122858651186493,1.6225900431966678
lane:1027,,10066.499999999996,36545.499999999985,0.5093410253001934,1.8491156251038812
lane:1028,,15937.499999999993,40965.500000000015,0.8063997010601334,2.072757142197893
lane:1029,,22639.50000000002,45600.500000000015,1.1455050059388807,2.307277149376793
lane:103,,0.0,3631.1666666666674,0.0,0.18372842130193084
lane:1030,,29859.50000000001,50439.5,1.5108198822779653,2.5521190727292624
lane:1031,,29859.50000000001,50439.5,1.5108198822779653,2.5521190727292624
lane:1032,,4977.166666666667,10530.0,0.2518328289961702,0.5327930260180836
lane:1033,,4977.166666666667,10530.0,0.2518328289961702,0.5327930260180836
lane:1034,,4977.166666666667,10530.0,0.2518328289961702,0.5327930260180836
lane:1035,,0.0,0.0,0.0,0.0
lane:1036,,0.0,946.9999999999998,0.0,0.04791595400181625
lane:1037,,0.0,2007.9999999999993,0.0,0.1016000376300391
lane:1038,,0.0,6406.666666666667,0.0,0.32416213865361093
lane:1039,,0.0,7872.666666666665,0.0,0.39833826174406767
lane:104,,0.0,3631.1666666666674,0.0,0.18372842130193084
lane:1040,,0.0,9600.666666666668,0.0,0.48577096344959947
lane:1041,,0.0,11584.666666666664,0.0,0.586156658000395
lane:1042,,0.0,13856.666666666664,0.0,0.7011144695021125
lane:1043,,435.0,16414.666666666682,0.022009968311288357,0.8305432026981493
lane:1044,,1915.0,19207.666666666675,0.09689445819797059,0.9718623785451108
lane:1045,,4662.999999999999,22662.666666666653,0.23593674077135077,1.1466771843278711
lane:1046,,4662.999999999999,22662.666666666653,0.23593674077135077,1.1466771843278711
lane:1047,,9182.999999999998,26949.66666666665,0.4646380206955424,1.3635892168577404
lane:1048,,14711.999999999996,31398.666666666668,0.7443923075762626,1.5886980651725042
lane:1049,,21028.000000000007,36310.666666666664,1.0639669279305097,1.8372336153910063
lane:105,,0.0,3360.833333333333,0.0,0.17005019578434089
lane:1050,,28337.999999999996,41063.6666666667,1.4338355908167573,2.077724142709522
lane:1051,,28337.999999999996,41063.6666666667,1.4338355908167573,2.077724142709522
lane:1052,,4723.0,7377.833333333332,0.23897259846945956,0.3733008686727209
lane:1053,,4723.0,7377.833333333332,0.23897259846945956,0.3733008686727209
lane:1054,,4723.0,7377.833333333332,0.23897259846945956,0.3733008686727209
lane:1055,,0.0,0.0,0.0,0.0
lane:1056,,0.0,758.0,0.0,0.03835300225277374
lane:1057,,0.0,1810.9999999999995,0.0,0.09163230485458208
lane:1058,,0.0,0.0,0.0,0.0
lane:1059,,0.0,1458.0,0.0,0.07377134206404236
lane:106,,0.0,3296.9999999999995,0.0,0.16682038051107517
lane:1060,,0.0,3119.0,0.0,0.1578140026733526
lane:1061,,0.0,5028.0,0.0,0.25440487510151233
lane:1062,,0.0,7147.999999999997,0.0,0.3616718471013543
lane:1063,,42.99999999999999,9722.0,0.0021756980169779293,0.49191014235021935
lane:1064,,1165.0000000000005,12621.0,0.05894623697161137,0.6385926667971732
lane:1065,,3404.999999999999,16095.000000000004,0.1722849243676709,0.8143688275176694
lane:1066,,3404.999999999999,16095.000000000004,0.1722849243676709,0.8143688275176694
lane:1067,,7515.0,20081.999999999993,0.3802411766881195,1.0161015715569945
lane:1068,,13008.0,24544.99999999999,0.6581739489499746,1.2419187866679826
lane:1069,,19475.0,28963.999999999996,0.9853888111777949,1.4655097061336917
lane:107,,0.0,2823.6666666666674,0.0,0.1428708364482174
lane:1070,,26603.000000000004,33551.0,1.3460487057131132,1.6976010271541049
lane:1071,,26603.000000000004,33551.0,1.3460487057131132,1.6976010271541049
lane:1072,,18236.666666666664,38555.49999999999,0.9227320814640505,1.9508168579905243
lane:1073,,18236.666666666664,38555.49999999999,0.9227320814640505,1.9508168579905243
lane:1074,,18236.666666666664,38555.49999999999,0.9227320814640505,1.9508168579905243
lane:1075,,0.0,0.0,0.0,0.0
lane:1076,,0.0,801.0,0.0,0.040528700269751666
lane:1077,,0.0,1732.0,0.0,0.08763509221873893
lane:1078,,0.0,0.0,0.0,0.0
lane:1079,,0.0,1419.0,0.0,0.07179803456027167
lane:108,,0.0,2467.6666666666665,0.0,0.12485808077277218
lane:1080,,0.0,2911.0,0.0,0.14728969598657565
lane:1081,,0.0,4675.999999999999,0.0,0.23659450993927433
lane:1082,,0.0,6774.0,0.0,0.3427483341164766
lane:1083,,0.0,9263.000000000004,0.0,0.46868583095968763
lane:1084,,566.0,11849.999999999996,0.02863825761882577,0.5995818953764758
lane:1085,,2189.9999999999995,14859.999999999987,0.11080880598096894,0.7518807565649304
lane:1086,,2189.9999999999995,14859.999999999987,0.11080880598096894,0.7518807565649304
lane:1087,,6019.999999999999,18892.0,0.3045977223769101,0.9558903938778383
lane:1088,,10714.999999999998,23060.00000000002,0.5421535872539188,1.166781308639793
lane:1089,,16612.0,27867.00000000002,0.8405278013497062,1.4100041078866048
lane:109,,0.0,2176.999999999999,0.0,0.11015103681304536
lane:1090,,23112.999999999993,32547.000000000025,1.1694629829397876,1.6468010083390867
lane:1091,,23112.999999999993,32547.000000000025,1.1694629829397876,1.6468010083390867
lane:1092,,0.0,0.0,0.0,0.0
lane:1093,,0.0,0.0,0.0,0.0
lane:1094,,0.0,0.0,0.0,0.0
lane:1095,,0.0,925.1666666666666,0.0,0.04681123911722669
lane:1096,,0.0,925.1666666666666,0.0,0.04681123911722669
lane:1097,,0.0,925.1666666666666,0.0,0.04681123911722669
lane:1098,,0.0,925.1666666666666,0.0,0.04681123911722669
lane:1099,,0.0,925.1666666666666,0.0,0.04681123911722669
lane:11,,0.0,0.0,0.0,0.0
lane:110,,0.0,489.0,0.0,0.02474224023958622
lane:1100,,0.0,9516.500000000002,0.0,0.481512329734197
lane:1101,,0.0,9516.500000000002,0.0,0.481512329734197
lane:1102,,0.0,9516.500000000002,0.0,0.481512329734197
lane:1103,,0.0,9516.500000000002,0.0,0.481512329734197
lane:1104,,0.0,9516.500000000002,0.0,0.481512329734197
lane:1105,,0.0,9516.500000000002,0.0,0.481512329734197
lane:1106,,0.0,9516.500000000002,0.0,0.481512329734197
lane:1107,,0.0,9516.500000000002,0.0,0.481512329734197
lane:1108,,0.0,9516.500000000002,0.0,0.481512329734197
lane:1109,,66314.33333333331,92876.33333333334,3.3553479890824813,4.699322192035222
lane:111,,0.0,265.0000000000001,0.0,0.01340837149998027
lane:1110,,66314.33333333331,92876.33333333334,3.3553479890824813,4.699322192035222
lane:1111,,66314.33333333331,92876.33333333334,3.3553479890824813,4.699322192035222
lane:1112,,0.0,0.0,0.0,0.0
lane:1113,,0.0,0.0,0.0,0.0
lane:1114,,0.0,0.0,0.0,0.0
lane:1115,,0.0,0.0,0.0,0.0
lane:1116,,0.0,1123.9999999999998,0.0,0.05687173421123703
lane:1117,,0.0,2460.0,0.0,0.1244701656224583
lane:1118,,0.0,3941.0000000000005,0.0,0.19940525313744237
lane:1119,,0.0,5711.999999999998,0.0,0.28901365285995184
lane:112,,0.0,114.00000000000001,0.0,0.005768129626406605
lane:1120,,0.0,0.0,0.0,0.0
lane:1121,,2958.0,3549.0,0.14966778451676083,0.17957098284313192
lane:1122,,6907.999999999999,7492.999999999999,0.3495284163089194,0.37912802886547964
lane:1123,,11498.999999999998,11555.999999999998,0.5818221278425397,0.584706192655743
lane:1124,,17366.0,15930.000000000005,0.8786784130892726,0.8060202188478705
lane:1125,,17366.0,15930.000000000005,0.8786784130892726,0.8060202188478705
lane:1126,,0.0,0.0,0.0,0.0
lane:1127,,0.0,810.9999999999999,0.0,0.04103467655276978
lane:1128,,0.0,0.0,0.0,0.0
lane:1129,,0.0,1095.0,0.0,0.055404402990484485
lane:113,,0.0,9.999999999999998,0.0,0.000505976283018123
lane:1130,,0.0,2416.0,0.0,0.12224386997717855
lane:1131,,0.0,3976.999999999999,0.0,0.20122676775630752
lane:1132,,0.0,5746.999999999999,0.0,0.2907845698505153
lane:1133,,0.0,0.0,0.0,0.0
lane:1134,,2535.0,3510.9999999999995,0.1282649877450942,0.177648272967663
lane:1135,,6199.0,7401.000000000001,0.31365469784293454,0.37447304706171297
lane:1136,,10653.0,11413.999999999995,0.5390165342992066,0.5775213294368855
lane:1137,,16063.999999999996,15975.999999999998,0.8128003010403129,0.8083477097497535
lane:1138,,16063.999999999996,15975.999999999998,0.8128003010403129,0.8083477097497535
lane:1139,,0.0,0.0,0.0,0.0
lane:114,,0.0,0.0,0.0,0.0
lane:1140,,0.0,705.0,0.0,0.03567132795277768
lane:1141,,0.0,676.5,0.0,0.03422929554617603
lane:1142,,0.0,676.5,0.0,0.03422929554617603
lane:1143,,0.0,676.5,0.0,0.03422929554617603
lane:1144,,0.0,676.5,0.0,0.03422929554617603
lane:1145,,0.0,676.5,0.0,0.03422929554617603
lane:1146,,0.0,3544.1666666666665,0.0,0.17932642763967313
lane:1147,,0.0,3544.1666666666665,0.0,0.17932642763967313
lane:1148,,0.0,3544.1666666666665,0.0,0.17932642763967313
lane:1149,,0.0,3544.1666666666665,0.0,0.17932642763967313
lane:115,,0.0,0.0,0.0,0.0
lane:1150,,0.0,3544.1666666666665,0.0,0.17932642763967313
lane:1151,,0.0,3544.1666666666665,0.0,0.17932642763967313
lane:1152,,0.0,3544.1666666666665,0.0,0.17932642763967313
lane:1153,,0.0,3544.1666666666665,0.0,0.17932642763967313
lane:1154,,0.0,3544.1666666666665,0.0,0.17932642763967313
lane:1155,,2677.333333333333,4296.999999999999,0.13546671684005215,0.21741800881288748
lane:1156,,2677.333333333333,4296.999999999999,0.13546671684005215,0.21741800881288748
lane:1157,,2677.333333333333,4296.999999999999,0.13546671684005215,0.21741800881288748
lane:1158,,0.0,710.0,0.0,0.03592431609428674
lane:1159,,0.0,0.0,0.0,0.0
lane:116,,0.0,0.0,0.0,0.0
lane:1160,,0.0,918.0,0.0,0.0464486227810637
lane:1161,,0.0,2005.0,0.0,0.1014482447451337
lane:1162,,0.0,3282.0,0.0,0.166061416086548
lane:1163,,0.0,4726.999999999999,0.0,0.23917498898266676
lane:1164,,0.0,6489.000000000002,0.0,0.3283280100504602
lane:1165,,0.0,8531.999999999998,0.0,0.43169896467106256
lane:1166,,0.0,10913.999999999998,0.0,0.5522225152859795
lane:1167,,0.0,10913.999999999998,0.0,0.5522225152859795
lane:1168,,1420.9999999999998,13687.000000000004,0.07189922981687528,0.6925297385669054
lane:1169,,3926.000000000001,17040.0,0.1986462887129152,0.8621835862628818
lane:117,,0.0,412.9999999999999,0.0,0.02089682048864848
lane:1170,,7424.999999999998,20767.99999999999,0.37568739014095637,1.0508115445720376
lane:1171,,11773.000000000005,25234.0,0.5956858779972367,1.2767805525679319
lane:1172,,11773.000000000005,25234.0,0.5956858779972367,1.2767805525679319
lane:1173,,4379.0,20311.66666666668,0.22156701433363613,1.0277221601903117
lane:1174,,4379.0,20311.66666666668,0.22156701433363613,1.0277221601903117
lane:1175,,4379.0,20311.66666666668,0.22156701433363613,1.0277221601903117
lane:1176,,0.0,534.0,0.0,0.027019133513167776
lane:1177,,0.0,0.0,0.0,0.0
lane:1178,,0.0,801.9999999999999,0.0,0.04057929789805347
lane:1179,,0.0,1688.0000000000002,0.0,0.0854087965734592
lane:118,,0.0,412.9999999999999,0.0,0.02089682048864848
lane:1180,,0.0,2769.9999999999995,0.0,0.1401554303960201
lane:1181,,0.0,4144.999999999998,0.0,0.20972716931101196
lane:1182,,0.0,5546.000000000004,0.0,0.2806144465618513
lane:1183,,0.0,7317.000000000001,0.0,0.37022284628436075
lane:1184,,0.0,9264.999999999995,0.0,0.4687870262162908
lane:1185,,0.0,9264.999999999995,0.0,0.4687870262162908
lane:1186,,518.0,11852.999999999996,0.02620957146033878,0.5997336882613812
lane:1187,,2063.999999999999,14778.999999999993,0.10443350481494057,0.7477823486724838
lane:1188,,4965.999999999997,18340.000000000007,0.2512678221467998,0.9279605030552383
lane:1189,,8603.000000000005,22238.00000000001,0.4352913962804916,1.1251900581757028
lane:119,,0.0,2349.5000000000014,0.0,0.1188791276951081
lane:1190,,8603.000000000005,22238.00000000001,0.4352913962804916,1.1251900581757028
lane:1191,,0.0,435.9999999999999,0.0,0.022060565939590163
lane:1192,,0.0,0.0,0.0,0.0
lane:1193,,0.0,0.0,0.0,0.0
lane:1194,,0.0,0.0,0.0,0.0
lane:1195,,0.0,0.0,0.0,0.0
lane:1196,,0.0,0.0,0.0,0.0
lane:1197,,0.0,0.0,0.0,0.0
lane:1198,,0.0,0.0,0.0,0.0
lane:1199,,0.0,0.0,0.0,0.0
lane:12,,0.0,0.0,0.0,0.0
lane:120,,0.0,2394.166666666668,0.0,0.12113915509258905
lane:1200,,0.0,0.0,0.0,0.0
lane:1201,,0.0,0.0,0.0,0.0
lane:1202,,0.0,0.0,0.0,0.0
lane:1203,,0.0,0.0,0.0,0.0
lane:1204,,0.0,0.0,0.0,0.0
lane:1205,,0.0,0.0,0.0,0.0
lane:1206,,72387.66666666663,103483.66666666674,3.6626442516354873,5.236028101308649
lane:1207,,72387.66666666663,103483.66666666674,3.6626442516354873,5.236028101308649
lane:1208,,72387.66666666663,103483.66666666674,3.6626442516354873,5.236028101308649
lane:1209,,0.0,373.99999999999994,0.0,0.018923512984877804
lane:121,,0.0,2536.1666666666656,0.0,0.12832401831144627
lane:1210,,0.0,1601.6666666666665,0.0,0.08104053466340272
lane:1211,,0.0,2261.6666666666665,0.0,0.11443496934259885
lane:1212,,0.0,3056.6666666666665,0.0,0.15466008384253963
lane:1213,,0.0,3925.6666666666665,0.0,0.19862942283681453
lane:1214,,0.0,5038.666666666668,0.0,0.25494458313673174
lane:1215,,0.0,6406.666666666667,0.0,0.32416213865361093
lane:1216,,0.0,7904.666666666665,0.0,0.3999573858497257
lane:1217,,0.0,9588.666666666664,0.0,0.48516379190997755
lane:1218,,0.0,9588.666666666664,0.0,0.48516379190997755
lane:1219,,0.0,11959.66666666667,0.0,0.6051307686135748
lane:122,,0.0,2782.1666666666656,0.0,0.1407710348736921
lane:1220,,375.0,14676.666666666675,0.018974110613179617,0.7426045247095991
lane:1221,,1707.0,17485.666666666664,0.08637015151119362,0.8847332626093894
lane:1222,,4138.0,20926.666666666646,0.20937298591289935,1.0588397015959248
lane:1223,,4138.0,20926.666666666646,0.20937298591289935,1.0588397015959248
lane:1224,,689.6666666666666,4822.499999999999,0.034895497652149894,0.24400706248548984
lane:1225,,689.6666666666666,4822.499999999999,0.034895497652149894,0.24400706248548984
lane:1226,,689.6666666666666,4822.499999999999,0.034895497652149894,0.24400706248548984
lane:1227,,0.0,223.99999999999994,0.0,0.011333868739605955
lane:1228,,0.0,0.0,0.0,0.0
lane:1229,,0.0,546.0,0.0,0.027626305052789523
lane:123,,0.0,2768.3333333333326,0.0,0.14007110101551706
lane:1230,,0.0,1171.0,0.0,0.05924982274142222
lane:1231,,0.0,1916.0,0.0,0.0969450558262724
lane:1232,,0.0,2808.0,0.0,0.142078140271489
lane:1233,,0.0,3877.9999999999986,0.0,0.19621760255442808
lane:1234,,0.0,5112.999999999999,0.0,0.25870567350716633
lane:1235,,0.0,6646.000000000006,0.0,0.33627183769384494
lane:1236,,0.0,6646.000000000006,0.0,0.33627183769384494
lane:1237,,0.0,8776.000000000002,0.0,0.444044785976705
lane:1238,,0.0,11221.999999999987,0.0,0.5678065848029371
lane:1239,,273.0,13943.999999999996,0.013813152526394762,0.7055333290404707
lane:124,,0.0,3100.9999999999995,0.0,0.15690324536391997
lane:1240,,1567.0,16918.0,0.0792864835489399,0.8560106756100607
lane:1241,,1567.0,16918.0,0.0792864835489399,0.8560106756100607
lane:1242,,261.16666666666663,2819.6666666666665,0.013214413924823315,0.14266844593501013
lane:1243,,261.16666666666663,2819.6666666666665,0.013214413924823315,0.14266844593501013
lane:1244,,261.16666666666663,2819.6666666666665,0.013214413924823315,0.14266844593501013
lane:1245,,0.0,150.99999999999997,0.0,0.007640241873573658
lane:1246,,0.0,0.0,0.0,0.0
lane:1247,,0.0,364.0,0.0,0.018417536701859683
lane:1248,,0.0,903.9999999999998,0.0,0.04574025598483832
lane:1249,,0.0,1543.0000000000005,0.0,0.07807214046969642
lane:125,,0.0,3852.3333333333335,0.0,0.19491893009468164
lane:1250,,0.0,2298.9999999999995,0.0,0.1163239474658665
lane:1251,,0.0,5613.000000000002,0.0,0.2840044876580726
lane:1252,,0.0,6664.000000000004,0.0,0.33718259500327746
lane:1253,,0.0,7955.000000000008,0.0,0.4025041331409174
lane:1254,,0.0,7955.000000000008,0.0,0.4025041331409174
lane:1255,,0.0,9722.999999999993,0.0,0.49196073997852074
lane:1256,,0.0,11658.999999999989,0.0,0.5899177483708292
lane:1257,,0.0,13966.999999999993,0.0,0.7066970744914123
lane:1258,,192.99999999999997,16559.999999999993,0.009765342262249775,0.8378967246780116
lane:1259,,192.99999999999997,16559.999999999993,0.009765342262249775,0.8378967246780116
lane:126,,0.0,5191.666666666667,0.0,0.26268602026690896
lane:1260,,32.166666666666664,6359.16666666667,0.001627557043708296,0.32175875130927495
lane:1261,,32.166666666666664,6359.16666666667,0.001627557043708296,0.32175875130927495
lane:1262,,32.166666666666664,6359.16666666667,0.001627557043708296,0.32175875130927495
lane:1263,,0.0,103.99999999999999,0.0,0.00526215334338848
lane:1264,,0.0,0.0,0.0,0.0
lane:1265,,0.0,219.99999999999997,0.0,0.011131478226398707
lane:1266,,0.0,540.0,0.0,0.02732271928297865
lane:1267,,0.0,1069.0,0.0,0.054088864654637366
lane:1268,,0.0,1654.9999999999998,0.0,0.08373907483949937
lane:1269,,0.0,0.0,0.0,0.0
lane:127,,0.0,5655.999999999999,0.0,0.2861801856750504
lane:1270,,0.0,1414.9999999999998,0.0,0.07159564404706441
lane:1271,,0.0,3049.0000000000005,0.0,0.15427216869222576
lane:1272,,0.0,4957.0,0.0,0.25081244349208365
lane:1273,,0.0,7206.999999999996,0.0,0.3646571071711612
lane:1274,,0.0,7206.999999999996,0.0,0.3646571071711612
lane:1275,,0.0,9.999999999999998,0.0,0.000505976283018123
lane:1276,,0.0,0.0,0.0,0.0
lane:1277,,0.0,0.0,0.0,0.0
lane:1278,,0.0,0.0,0.0,0.0
lane:1279,,0.0,0.0,0.0,0.0
lane:128,,0.0,6107.999999999998,0.0,0.30905031366746955
lane:1280,,0.0,0.0,0.0,0.0
lane:1281,,0.0,0.0,0.0,0.0
lane:1282,,0.0,0.0,0.0,0.0
lane:1283,,0.0,0.0,0.0,0.0
lane:1284,,0.0,0.0,0.0,0.0
lane:1285,,0.0,0.0,0.0,0.0
lane:1286,,0.0,0.0,0.0,0.0
lane:1287,,0.0,0.0,0.0,0.0
lane:1288,,0.0,0.0,0.0,0.0
lane:1289,,0.0,0.0,0.0,0.0
lane:129,,0.0,6107.999999999998,0.0,0.30905031366746955
lane:1290,,0.0,0.0,0.0,0.0
lane:1291,,0.0,0.0,0.0,0.0
lane:1292,,0.0,88.0,0.0,0.004452591290559484
lane:1293,,0.0,235.99999999999991,0.0,0.011941040279227702
lane:1294,,0.0,432.0000000000001,0.0,0.021858175426382926
lane:1295,,0.0,741.9999999999997,0.0,0.03754344019994472
lane:1296,,0.0,1270.0000000000005,0.0,0.06425898794330166
lane:1297,,0.0,1861.0000000000018,0.0,0.0941621862696728
lane:1298,,0.0,2575.9999999999973,0.0,0.1303394905054684
lane:1299,,0.0,2575.9999999999973,0.0,0.1303394905054684
lane:13,,0.0,0.0,0.0,0.0
lane:130,,0.0,6184.499999999999,0.0,0.31292103223255824
lane:1300,,0.0,3634.999999999997,0.0,0.1839223788770876
lane:1301,,0.0,4877.000000000006,0.0,0.24676463322793898
lane:1302,,0.0,6314.000000000007,0.0,0.3194734250976433
lane:1303,,0.0,8025.000000000009,0.0,0.40604596712204427
lane:1304,,0.0,8025.000000000009,0.0,0.40604596712204427
lane:1305,,0.0,0.0,0.0,0.0
lane:1306,,0.0,0.0,0.0,0.0
lane:1307,,0.0,0.0,0.0,0.0
lane:1308,,0.0,60.0,0.0,0.003035857698108739
lane:1309,,0.0,201.0,0.0,0.010170123288664274
lane:131,,0.0,6184.499999999999,0.0,0.31292103223255824
lane:1310,,0.0,396.0,0.0,0.020036660807517676
lane:1311,,0.0,672.0,0.0,0.03400160621881788
lane:1312,,0.0,1174.0,0.0,0.059401615626327654
lane:1313,,0.0,1731.9999999999998,0.0,0.08763509221873891
lane:1314,,0.0,1731.9999999999998,0.0,0.08763509221873891
lane:1315,,0.0,2632.0000000000005,0.0,0.13317295769037005
lane:1316,,0.0,3664.999999999999,0.0,0.1854403077261421
lane:1317,,0.0,4939.0,0.0,0.24990168618265102
lane:1318,,0.0,6363.000000000001,0.0,0.3219527088844318
lane:1319,,0.0,6363.000000000001,0.0,0.3219527088844318
lane:132,,0.0,6184.499999999999,0.0,0.31292103223255824
lane:1320,,0.0,0.0,0.0,0.0
lane:1321,,0.0,0.0,0.0,0.0
lane:1322,,0.0,0.0,0.0,0.0
lane:1323,,0.0,0.0,0.0,0.0
lane:1324,,0.0,0.0,0.0,0.0
lane:1325,,0.0,0.0,0.0,0.0
lane:1326,,0.0,0.0,0.0,0.0
lane:1327,,0.0,0.0,0.0,0.0
lane:1328,,0.0,0.0,0.0,0.0
lane:1329,,0.0,0.0,0.0,0.0
lane:133,,0.0,6184.499999999999,0.0,0.31292103223255824
lane:1330,,0.0,0.0,0.0,0.0
lane:1331,,0.0,0.0,0.0,0.0
lane:1332,,0.0,0.0,0.0,0.0
lane:1333,,0.0,0.0,0.0,0.0
lane:1334,,0.0,0.0,0.0,0.0
lane:134,,0.0,6184.499999999999,0.0,0.31292103223255824
lane:135,,0.0,6184.499999999999,0.0,0.31292103223255824
lane:136,,0.0,0.0,0.0,0.0
lane:137,,0.0,0.0,0.0,0.0
lane:138,,0.0,0.0,0.0,0.0
lane:139,,0.0,0.0,0.0,0.0
lane:14,,0.0,0.0,0.0,0.0
lane:140,,0.0,0.0,0.0,0.0
lane:141,,0.0,0.0,0.0,0.0
lane:142,,0.0,0.0,0.0,0.0
lane:143,,0.0,0.0,0.0,0.0
lane:144,,0.0,0.0,0.0,0.0
lane:145,,0.0,0.0,0.0,0.0
lane:146,,0.0,0.0,0.0,0.0
lane:147,,0.0,0.0,0.0,0.0
lane:148,,0.0,0.0,0.0,0.0
lane:149,,0.0,0.0,0.0,0.0
lane:15,,0.0,0.0,0.0,0.0
lane:150,,0.0,0.0,0.0,0.0
lane:151,,0.0,0.0,0.0,0.0
lane:152,,0.0,0.0,0.0,0.0
lane:153,,0.0,0.0,0.0,0.0
lane:154,,0.0,459.0,0.0,0.02322431139053185
lane:155,,0.0,459.0,0.0,0.02322431139053185
lane:156,,0.0,2954.666666666665,0.0,0.14949912575575472
lane:157,,0.0,3167.333333333331,0.0,0.1602595547079401
lane:158,,0.0,3449.9999999999973,0.0,0.17456181764125234
lane:159,,0.0,3908.6666666666633,0.0,0.19776926315568358
lane:16,,0.0,0.0,0.0,0.0
lane:160,,0.0,3763.4999999999973,0.0,0.1904241741138705
lane:161,,0.0,4160.499999999997,0.0,0.21051143254969
lane:162,,0.0,5041.16666666667,0.0,0.25507107720748634
lane:163,,0.0,6592.6666666666715,0.0,0.3335732975177482
lane:164,,0.0,7118.333333333339,0.0,0.360170784128401
lane:165,,0.0,7692.3333333333385,0.0,0.3892138227736412
lane:166,,0.0,7692.3333333333385,0.0,0.3892138227736412
lane:167,,0.0,7602.000000000002,0.0,0.3846431703503773
lane:168,,0.0,7602.000000000002,0.0,0.3846431703503773
lane:169,,0.0,7602.000000000002,0.0,0.3846431703503773
lane:17,,0.0,0.0,0.0,0.0
lane:170,,0.0,7602.000000000002,0.0,0.3846431703503773
lane:171,,0.0,7602.000000000002,0.0,0.3846431703503773
lane:172,,0.0,0.0,0.0,0.0
lane:173,,0.0,0.0,0.0,0.0
lane:174,,0.0,0.0,0.0,0.0
lane:175,,0.0,0.0,0.0,0.0
lane:176,,0.0,0.0,0.0,0.0
lane:177,,0.0,0.0,0.0,0.0
lane:178,,0.0,0.0,0.0,0.0
lane:179,,0.0,0.0,0.0,0.0
lane:18,,0.0,0.0,0.0,0.0
lane:180,,0.0,0.0,0.0,0.0
lane:181,,0.0,0.0,0.0,0.0
lane:182,,0.0,0.0,0.0,0.0
lane:183,,0.0,0.0,0.0,0.0
lane:184,,0.0,0.0,0.0,0.0
lane:185,,0.0,0.0,0.0,0.0
lane:186,,0.0,0.0,0.0,0.0
lane:187,,0.0,0.0,0.0,0.0
lane:188,,0.0,0.0,0.0,0.0
lane:189,,0.0,0.0,0.0,0.0
lane:19,,0.0,0.0,0.0,0.0
lane:190,,0.0,0.0,0.0,0.0
lane:191,,0.0,551.0,0.0,0.027879293194298587
lane:192,,0.0,551.0,0.0,0.027879293194298587
lane:193,,0.0,3934.5000000000014,0.0,0.19907636855348063
lane:194,,0.0,4291.166666666666,0.0,0.2171228559811269
lane:195,,0.0,4778.499999999997,0.0,0.24178076684021002
lane:196,,0.0,6309.166666666663,0.0,0.31922886989418403
lane:197,,0.0,5787.33333333333,0.0,0.29282534085868833
lane:198,,0.0,6256.333333333331,0.0,0.31655562853223834
lane:199,,0.0,7235.666666666666,0.0,0.3661075725158133
lane:2,,0.0,0.0,0.0,0.0
lane:20,,0.0,0.0,0.0,0.0
lane:200,,0.0,9039.000000000002,0.0,0.4573519622200816
lane:201,,0.0,9652.66666666667,0.0,0.48840204012129385
lane:202,,0.0,10267.666666666668,0.0,0.5195195815269084
lane:203,,0.0,10267.666666666668,0.0,0.5195195815269084
lane:204,,0.0,9851.500000000002,0.0,0.4984625352153041
lane:205,,0.0,9851.500000000002,0.0,0.4984625352153041
lane:206,,0.0,9851.500000000002,0.0,0.4984625352153041
lane:207,,0.0,9851.500000000002,0.0,0.4984625352153041
lane:208,,0.0,9851.500000000002,0.0,0.4984625352153041
lane:209,,0.0,0.0,0.0,0.0
lane:21,,0.0,0.0,0.0,0.0
lane:210,,0.0,0.0,0.0,0.0
lane:211,,0.0,0.0,0.0,0.0
lane:212,,0.0,0.0,0.0,0.0
lane:213,,0.0,0.0,0.0,0.0
lane:214,,0.0,0.0,0.0,0.0
lane:215,,0.0,0.0,0.0,0.0
lane:216,,0.0,0.0,0.0,0.0
lane:217,,0.0,0.0,0.0,0.0
lane:218,,0.0,0.0,0.0,0.0
lane:219,,0.0,0.0,0.0,0.0
lane:22,,0.0,0.0,0.0,0.0
lane:220,,0.0,0.0,0.0,0.0
lane:221,,0.0,0.0,0.0,0.0
lane:222,,0.0,0.0,0.0,0.0
lane:223,,0.0,0.0,0.0,0.0
lane:224,,0.0,0.0,0.0,0.0
lane:225,,0.0,0.0,0.0,0.0
lane:226,,0.0,0.0,0.0,0.0
lane:227,,0.0,0.0,0.0,0.0
lane:228,,0.0,710.0,0.0,0.03592431609428674
lane:229,,0.0,710.0,0.0,0.03592431609428674
lane:23,,0.0,0.0,0.0,0.0
lane:230,,122.33333333333333,5344.166666666665,0.006189776528921706,0.27040215858293526
lane:231,,122.33333333333333,6069.499999999997,0.006189776528921706,0.3071023049778497
lane:232,,134.33333333333331,7961.499999999996,0.006796948068543454,0.40283301772487856
lane:233,,597.6666666666666,10275.500000000005,0.030240515848383158,0.5199159296152727
lane:234,,478.8333333333333,9076.833333333334,0.024227831018517797,0.4592662391575001
lane:235,,478.8333333333333,9614.833333333336,0.024227831018517797,0.4864877631838752
lane:236,,478.8333333333333,10786.833333333338,0.024227831018517797,0.5457881835535994
lane:237,,482.3333333333333,12869.000000000004,0.024404922717574138,0.6511408786160229
lane:238,,482.3333333333333,13605.66666666667,0.024404922717574138,0.6884144647983579
lane:239,,482.3333333333333,14322.000000000004,0.024404922717574138,0.7246592325385561
lane:24,,0.0,13.999999999999996,0.0,0.0007083667962253722
lane:240,,482.3333333333333,14322.000000000004,0.024404922717574138,0.7246592325385561
lane:241,,367.0,13214.500000000004,0.018569329586765118,0.668622359194299
lane:242,,367.0,13214.500000000004,0.018569329586765118,0.668622359194299
lane:243,,367.0,13214.500000000004,0.018569329586765118,0.668622359194299
lane:244,,367.0,13214.500000000004,0.018569329586765118,0.668622359194299
lane:245,,367.0,13214.500000000004,0.018569329586765118,0.668622359194299
lane:246,,0.0,0.0,0.0,0.0
lane:247,,0.0,0.0,0.0,0.0
lane:248,,0.0,0.0,0.0,0.0
lane:249,,0.0,0.0,0.0,0.0
lane:25,,0.0,13.999999999999996,0.0,0.0007083667962253722
lane:250,,0.0,0.0,0.0,0.0
lane:251,,0.0,0.0,0.0,0.0
lane:252,,0.0,0.0,0.0,0.0
lane:253,,0.0,0.0,0.0,0.0
lane:254,,0.0,0.0,0.0,0.0
lane:255,,0.0,0.0,0.0,0.0
lane:256,,0.0,0.0,0.0,0.0
lane:257,,0.0,0.0,0.0,0.0
lane:258,,0.0,0.0,0.0,0.0
lane:259,,0.0,0.0,0.0,0.0
lane:26,,0.0,290.83333333333326,0.0,0.014715476897777078
lane:260,,0.0,0.0,0.0,0.0
lane:261,,0.0,0.0,0.0,0.0
lane:262,,0.0,0.0,0.0,0.0
lane:263,,0.0,0.0,0.0,0.0
lane:264,,0.0,0.0,0.0,0.0
lane:265,,0.0,855.0,0.0,0.04326097219804953
lane:266,,0.0,855.0,0.0,0.04326097219804953
lane:267,,1445.5,8103.833333333333,0.0731388717102697,0.4100347468198367
lane:268,,1646.166666666667,10479.166666666664,0.08329212912283339,0.5302209799127414
lane:269,,3041.4999999999995,13263.833333333336,0.15389268647996213,0.6711185088571884
lane:27,,0.0,448.83333333333314,0.0,0.022709902169463416
lane:270,,5081.500000000001,16069.166666666666,0.2571118482156593,0.8130617221198724
lane:271,,4172.500000000001,13823.5,0.21111860408931193,0.6994363148301025
lane:272,,4172.500000000001,14437.833333333332,0.21111860408931193,0.7305201244835159
lane:273,,4172.500000000001,15774.5,0.21111860408931193,0.7981522876469384
lane:274,,4709.000000000001,18104.000000000007,0.23826423167323424,0.9160194627760105
lane:275,,4714.333333333335,18906.000000000004,0.23853408569084394,0.9565987606740638
lane:276,,4735.666666666668,19735.0,0.23961350176128257,0.9985441945362661
lane:277,,4735.666666666668,19735.0,0.23961350176128257,0.9985441945362661
lane:278,,4336.500000000002,17573.5,0.2194166151308092,0.8891774209618987
lane:279,,4336.500000000002,17573.5,0.2194166151308092,0.8891774209618987
lane:28,,0.0,630.166666666667,0.0,0.031884938768192074
lane:280,,4336.500000000002,17573.5,0.2194166151308092,0.8891774209618987
lane:281,,4336.500000000002,17573.5,0.2194166151308092,0.8891774209618987
lane:282,,4336.500000000002,17573.5,0.2194166151308092,0.8891774209618987
lane:283,,0.0,0.0,0.0,0.0
lane:284,,0.0,0.0,0.0,0.0
lane:285,,0.0,0.0,0.0,0.0
lane:286,,0.0,0.0,0.0,0.0
lane:287,,0.0,0.0,0.0,0.0
lane:288,,0.0,8591.333333333336,0.0,0.4347010906169703
lane:289,,0.0,4783.333333333332,0.0,0.24202532204366883
lane:29,,0.0,900.8333333333336,0.0,0.045580030161882605
lane:290,,0.0,2867.6666666666665,0.0,0.14509713209349712
lane:291,,0.0,0.0,0.0,0.0
lane:292,,0.0,0.0,0.0,0.0
lane:293,,0.0,0.0,0.0,0.0
lane:294,,0.0,0.0,0.0,0.0
lane:295,,0.0,0.0,0.0,0.0
lane:296,,0.0,0.0,0.0,0.0
lane:297,,0.0,2402.9999999999995,0.0,0.12158610080925497
lane:298,,0.0,0.0,0.0,0.0
lane:299,,0.0,0.0,0.0,0.0
lane:3,,0.0,0.0,0.0,0.0
lane:30,,0.0,1182.9999999999998,0.0,0.059856994281043956
lane:300,,0.0,0.0,0.0,0.0
lane:301,,0.0,0.0,0.0,0.0
lane:302,,0.0,1081.0,0.0,0.05469603619425911
lane:303,,0.0,1081.0,0.0,0.05469603619425911
lane:304,,3256.833333333333,6647.666666666667,0.16478804244095238,0.3363561670743477
lane:305,,4998.833333333333,9501.666666666662,0.2529291109427094,0.4807617982477198
lane:306,,7860.166666666666,12334.333333333332,0.39770579139029505,0.6240880133506537
lane:307,,11894.166666666666,15258.333333333336,0.601816623959806,0.772035478505153
lane:308,,1993.0,3907.333333333333,0.10084107320551194,0.1977017996512813
lane:309,,2302.0,4844.333333333333,0.11647574035077195,0.24511177737007944
lane:31,,0.0,1455.6666666666663,0.0,0.0736532809313381
lane:310,,2693.0,5784.666666666666,0.13625941301678057,0.2926904138498836
lane:311,,2693.0,5784.666666666666,0.13625941301678057,0.2926904138498836
lane:312,,2989.4999999999995,5861.0,0.1512616098082679,0.296552699476922
lane:313,,2989.4999999999995,5861.0,0.1512616098082679,0.296552699476922
lane:314,,864.0,1605.0,0.04371635085276584,0.08120919342440877
lane:315,,0.0,0.0,0.0,0.0
lane:316,,0.0,0.0,0.0,0.0
lane:317,,0.0,0.0,0.0,0.0
lane:318,,0.0,0.0,0.0,0.0
lane:319,,0.0,0.0,0.0,0.0
lane:32,,0.0,1727.6666666666663,0.0,0.08741583582943106
lane:320,,0.0,0.0,0.0,0.0
lane:321,,0.0,0.0,0.0,0.0
lane:322,,0.0,0.0,0.0,0.0
lane:323,,0.0,0.0,0.0,0.0
lane:324,,0.0,0.0,0.0,0.0
lane:325,,0.0,0.0,0.0,0.0
lane:326,,0.0,0.0,0.0,0.0
lane:327,,0.0,0.0,0.0,0.0
lane:328,,0.0,0.0,0.0,0.0
lane:329,,0.0,1267.9999999999998,0.0,0.06415779268669801
lane:33,,0.0,1727.6666666666663,0.0,0.08741583582943106
lane:330,,0.0,1267.9999999999998,0.0,0.06415779268669801
lane:331,,6177.666666666666,6766.833333333331,0.3125752817724958,0.3423857177803135
lane:332,,9582.333333333334,9626.833333333336,0.4848433402640662,0.48709493472349696
lane:333,,13987.666666666664,12546.16666666667,0.70774275880965,0.6348062776125878
lane:334,,18918.33333333333,15427.500000000002,0.9572227980897857,0.7805949106262096
lane:335,,3571.0,4748.333333333333,0.18068413066577177,0.24025440505310547
lane:336,,4233.666666666667,5844.333333333333,0.21421349235377274,0.29570940567189175
lane:337,,5017.999999999999,6958.999999999999,0.25389889881849415,0.3521088953523119
lane:338,,5017.999999999999,6958.999999999999,0.25389889881849415,0.3521088953523119
lane:339,,5356.499999999998,7122.499999999999,0.27102619599865757,0.36038160757965815
lane:34,,0.0,1774.4999999999998,0.0,0.08978549142156594
lane:340,,5356.499999999998,7122.499999999999,0.27102619599865757,0.36038160757965815
lane:341,,1605.0,1979.4999999999998,0.08120919342440877,0.10015800522343747
lane:342,,0.0,0.0,0.0,0.0
lane:343,,0.0,0.0,0.0,0.0
lane:344,,0.0,0.0,0.0,0.0
lane:345,,0.0,0.0,0.0,0.0
lane:346,,0.0,0.0,0.0,0.0
lane:347,,0.0,0.0,0.0,0.0
lane:348,,0.0,0.0,0.0,0.0
lane:349,,0.0,0.0,0.0,0.0
lane:35,,0.0,1774.4999999999998,0.0,0.08978549142156594
lane:350,,0.0,0.0,0.0,0.0
lane:351,,0.0,0.0,0.0,0.0
lane:352,,0.0,0.0,0.0,0.0
lane:353,,0.0,0.0,0.0,0.0
lane:354,,0.0,0.0,0.0,0.0
lane:355,,0.0,0.0,0.0,0.0
lane:356,,0.0,1420.9999999999998,0.0,0.07189922981687528
lane:357,,0.0,1420.9999999999998,0.0,0.07189922981687528
lane:358,,3605.0,6706.833333333332,0.1824044500280334,0.33934986008220486
lane:359,,3605.0,6706.833333333332,0.1824044500280334,0.33934986008220486
lane:36,,0.0,468.0,0.0,0.023679690045248163
lane:360,,3605.0,6706.833333333332,0.1824044500280334,0.33934986008220486
lane:361,,3605.0,6706.833333333332,0.1824044500280334,0.33934986008220486
lane:362,,28255.0,31018.666666666664,1.429635987667707,1.5694709664178155
lane:363,,28255.0,31018.666666666664,1.429635987667707,1.5694709664178155
lane:364,,28255.0,31018.666666666664,1.429635987667707,1.5694709664178155
lane:365,,26295.999999999996,27885.666666666653,1.3305152338244564,1.410948596948237
lane:366,,26295.999999999996,27885.666666666653,1.3305152338244564,1.410948596948237
lane:367,,26295.999999999996,27885.666666666653,1.3305152338244564,1.410948596948237
lane:368,,26295.999999999996,27885.666666666653,1.3305152338244564,1.410948596948237
lane:369,,20956.499999999996,22706.49999999999,1.0603491975069297,1.1488950470351007
lane:37,,0.0,468.0,0.0,0.023679690045248163
lane:370,,20956.499999999996,22706.49999999999,1.0603491975069297,1.1488950470351007
lane:371,,29302.499999999993,35689.99999999999,1.482637003313855,1.8058293540916812
lane:372,,29302.499999999993,35689.99999999999,1.482637003313855,1.8058293540916812
lane:373,,26833.5,32105.499999999996,1.3577114590366808,1.624462155443835
lane:374,,0.0,0.0,0.0,0.0
lane:375,,0.0,0.0,0.0,0.0
lane:376,,0.0,0.0,0.0,0.0
lane:377,,0.0,0.0,0.0,0.0
lane:378,,0.0,0.0,0.0,0.0
lane:379,,0.0,0.0,0.0,0.0
lane:38,,0.0,0.0,0.0,0.0
lane:380,,0.0,0.0,0.0,0.0
lane:381,,0.0,0.0,0.0,0.0
lane:382,,0.0,0.0,0.0,0.0
lane:383,,0.0,0.0,0.0,0.0
lane:384,,0.0,0.0,0.0,0.0
lane:385,,0.0,0.0,0.0,0.0
lane:386,,0.0,0.0,0.0,0.0
lane:387,,0.0,0.0,0.0,0.0
lane:388,,0.0,0.0,0.0,0.0
lane:389,,0.0,0.0,0.0,0.0
lane:39,,0.0,0.0,0.0,0.0
lane:390,,0.0,0.0,0.0,0.0
lane:391,,0.0,0.0,0.0,0.0
lane:392,,0.0,0.0,0.0,0.0
lane:393,,0.0,1632.0,0.0,0.0825753293885577
lane:394,,0.0,1632.0,0.0,0.0825753293885577
lane:395,,5725.333333333333,10062.166666666666,0.2896882879039761,0.5091217689108858
lane:396,,5725.333333333333,11634.166666666662,0.2896882879039761,0.5886612406013345
lane:397,,5831.333333333333,13338.83333333333,0.2950516365039682,0.674913330979824
lane:398,,6531.333333333333,15306.166666666659,0.33046997631523684,0.7744557317255892
lane:399,,6679.833333333333,13898.16666666666,0.33798372411805594,0.7032142710766376
lane:4,,0.0,0.0,0.0,0.0
lane:40,,0.0,0.0,0.0,0.0
lane:400,,7379.833333333333,14997.499999999996,0.37340206392932457,0.75883793045643
lane:401,,9160.5,17412.166666666664,0.4634995740587517,0.8810143369292062
lane:402,,13443.999999999996,21173.0,0.6802345148895645,1.0713035840342722
lane:403,,14787.333333333328,22464.66666666667,0.7482039955749991,1.1366588539241134
lane:404,,16196.66666666666,23889.333333333336,0.8195129197283532,1.2087436083780951
lane:405,,16196.66666666666,23889.333333333336,0.8195129197283532,1.2087436083780951
lane:406,,17175.999999999993,22426.500000000004,0.8690648637119279,1.134727711110594
lane:407,,17175.999999999993,22426.500000000004,0.8690648637119279,1.134727711110594
lane:408,,17175.999999999993,22426.500000000004,0.8690648637119279,1.134727711110594
lane:409,,17175.999999999993,22426.500000000004,0.8690648637119279,1.134727711110594
lane:41,,0.0,0.0,0.0,0.0
lane:410,,17175.999999999993,22426.500000000004,0.8690648637119279,1.134727711110594
lane:411,,0.0,0.0,0.0,0.0
lane:412,,0.0,0.0,0.0,0.0
lane:413,,0.0,0.0,0.0,0.0
lane:414,,0.0,0.0,0.0,0.0
lane:415,,0.0,0.0,0.0,0.0
lane:416,,0.0,0.0,0.0,0.0
lane:417,,0.0,0.0,0.0,0.0
lane:418,,0.0,0.0,0.0,0.0
lane:419,,0.0,0.0,0.0,0.0
lane:42,,0.0,0.0,0.0,0.0
lane:420,,0.0,0.0,0.0,0.0
lane:421,,0.0,0.0,0.0,0.0
lane:422,,0.0,0.0,0.0,0.0
lane:423,,0.0,0.0,0.0,0.0
lane:424,,0.0,0.0,0.0,0.0
lane:425,,0.0,0.0,0.0,0.0
lane:426,,0.0,0.0,0.0,0.0
lane:427,,0.0,0.0,0.0,0.0
lane:428,,0.0,0.0,0.0,0.0
lane:429,,0.0,0.0,0.0,0.0
lane:43,,0.0,109.99999999999999,0.0,0.005565739113199354
lane:430,,0.0,1867.9999999999998,0.0,0.0945163696677854
lane:431,,0.0,1867.9999999999998,0.0,0.0945163696677854
lane:432,,7609.833333333334,10927.333333333334,0.38503951843874146,0.5528971503300038
lane:433,,7925.833333333334,12622.666666666664,0.40102836898211414,0.6386769961776761
lane:434,,8721.833333333334,14508.0,0.44130408111035674,0.734070391402693
lane:435,,10128.5,16745.333333333336,0.512478078254906,0.8472741517899479
lane:436,,10053.5,15168.333333333336,0.5086832561322701,0.7674816919579899
lane:437,,11172.833333333332,16421.333333333336,0.5653188680780986,0.8308805202201608
lane:438,,13650.833333333328,19068.66666666667,0.6906997910099894,0.9648293082111586
lane:439,,18807.333333333332,22846.33333333333,0.9516064613482847,1.1559702820593045
lane:44,,0.0,109.99999999999999,0.0,0.005565739113199354
lane:440,,20564.33333333334,24364.33333333332,1.0405064942745694,1.2327774818214552
lane:441,,22332.66666666667,25867.999999999985,1.129979966988274,1.3088594489112801
lane:442,,22332.66666666667,25867.999999999985,1.129979966988274,1.3088594489112801
lane:443,,22769.500000000007,23793.99999999999,1.1520826976181158,1.2039199678133217
lane:444,,22769.500000000007,23793.99999999999,1.1520826976181158,1.2039199678133217
lane:445,,22769.500000000007,23793.99999999999,1.1520826976181158,1.2039199678133217
lane:446,,22769.500000000007,23793.99999999999,1.1520826976181158,1.2039199678133217
lane:447,,22769.500000000007,23793.99999999999,1.1520826976181158,1.2039199678133217
lane:448,,0.0,0.0,0.0,0.0
lane:449,,0.0,0.0,0.0,0.0
lane:45,,1.1666666666666667,2247.1666666666674,5.903056635211437e-05,0.1137013037322226
lane:450,,0.0,0.0,0.0,0.0
lane:451,,0.0,0.0,0.0,0.0
lane:452,,0.0,0.0,0.0,0.0
lane:453,,0.0,0.0,0.0,0.0
lane:454,,0.0,0.0,0.0,0.0
lane:455,,0.0,0.0,0.0,0.0
lane:456,,0.0,0.0,0.0,0.0
lane:457,,0.0,0.0,0.0,0.0
lane:458,,0.0,0.0,0.0,0.0
lane:459,,0.0,0.0,0.0,0.0
lane:46,,1.1666666666666667,2511.166666666667,5.903056635211437e-05,0.12705907760390103
lane:460,,0.0,0.0,0.0,0.0
lane:461,,0.0,0.0,0.0,0.0
lane:462,,0.0,0.0,0.0,0.0
lane:463,,0.0,0.0,0.0,0.0
lane:464,,0.0,0.0,0.0,0.0
lane:465,,0.0,0.0,0.0,0.0
lane:466,,0.0,0.0,0.0,0.0
lane:467,,0.0,2235.0,0.0,0.11308569925455052
lane:468,,0.0,2235.0,0.0,0.11308569925455052
lane:469,,10142.833333333328,12104.166666666664,0.5132033109272318,0.6124421259031865
lane:47,,1.1666666666666667,2843.166666666667,5.903056635211437e-05,0.14385749020010272
lane:470,,11185.499999999993,14080.166666666662,0.5659597713699213,0.7124230394275675
lane:471,,12756.833333333328,16348.833333333328,0.6454655113081692,0.827212192168279
lane:472,,15102.833333333328,19004.83333333333,0.7641675473042209,0.9615994929378925
lane:473,,14341.499999999996,17076.33333333333,0.7256458862904411,0.8640219667578475
lane:474,,15666.166666666664,18420.999999999996,0.792670877914242,0.9320589109476844
lane:475,,18787.50000000001,21195.000000000004,0.9506029417202995,1.0724167318569122
lane:476,,24549.000000000004,25136.333333333343,1.2421211771811906,1.2718388508704555
lane:477,,26564.666666666668,26664.66666666668,1.3441091299615435,1.3491688927917254
lane:478,,28675.333333333332,28195.000000000004,1.4509038574305686,1.4266001299695985
lane:479,,28675.333333333332,28195.000000000004,1.4509038574305686,1.4266001299695985
lane:48,,1.1666666666666667,3201.8333333333335,5.903056635211437e-05,0.16200517288435273
lane:480,,28224.499999999993,25804.5,1.4280927600045012,1.305646499514116
lane:481,,28224.499999999993,25804.5,1.4280927600045012,1.305646499514116
lane:482,,28224.499999999993,25804.5,1.4280927600045012,1.305646499514116
lane:483,,28224.499999999993,25804.5,1.4280927600045012,1.305646499514116
lane:484,,28224.499999999993,25804.5,1.4280927600045012,1.305646499514116
lane:485,,0.0,0.0,0.0,0.0
lane:486,,0.0,0.0,0.0,0.0
lane:487,,0.0,0.0,0.0,0.0
lane:488,,0.0,0.0,0.0,0.0
lane:489,,0.0,0.0,0.0,0.0
lane:49,,1.1666666666666667,3636.833333333335,5.903056635211437e-05,0.18401514119564116
lane:490,,0.0,0.0,0.0,0.0
lane:491,,0.0,0.0,0.0,0.0
lane:492,,0.0,0.0,0.0,0.0
lane:493,,0.0,0.0,0.0,0.0
lane:494,,0.0,0.0,0.0,0.0
lane:495,,0.0,0.0,0.0,0.0
lane:496,,0.0,0.0,0.0,0.0
lane:497,,0.0,0.0,0.0,0.0
lane:498,,0.0,0.0,0.0,0.0
lane:499,,0.0,0.0,0.0,0.0
lane:5,,0.0,0.0,0.0,0.0
lane:50,,1.1666666666666667,3663.833333333335,5.903056635211437e-05,0.1853812771597901
lane:500,,0.0,0.0,0.0,0.0
lane:501,,0.0,0.0,0.0,0.0
lane:502,,0.0,0.0,0.0,0.0
lane:503,,0.0,0.0,0.0,0.0
lane:504,,94.0,2526.9999999999995,0.0047561770603703575,0.1278602067186797
lane:505,,94.0,2526.9999999999995,0.0047561770603703575,0.1278602067186797
lane:506,,12845.166666666664,12940.166666666666,0.6499349684748293,0.6547417431635016
lane:507,,14711.833333333328,15224.83333333333,0.7443838746382122,0.7703404579570421
lane:508,,17003.833333333336,17756.16666666667,0.8603536387059664,0.89841992106503
lane:509,,19773.833333333336,20665.500000000004,1.0005090691019864,1.0456252876711025
lane:51,,1.8333333333333337,3664.500000000002,9.27623185533226e-05,0.1854150089119913
lane:510,,18545.333333333332,18508.83333333334,0.93834988273321,0.9365030693001941
lane:511,,20287.666666666668,20010.16666666667,1.0265078171110678,1.012466975257315
lane:512,,24039.000000000004,22882.16666666667,1.2163163867472664,1.15778336374012
lane:513,,30567.66666666667,26824.33333333333,1.5466514360536985,1.357247647443914
lane:514,,32935.999999999985,28308.333333333325,1.6664834857484896,1.432334527843803
lane:515,,35320.33333333333,29823.33333333333,1.7871250974961113,1.508989934721049
lane:516,,35320.33333333333,29823.33333333333,1.7871250974961113,1.508989934721049
lane:517,,34125.50000000001,27108.5,1.7266693646134965,1.3716258068196792
lane:518,,34125.50000000001,27108.5,1.7266693646134965,1.3716258068196792
lane:519,,34125.50000000001,27108.5,1.7266693646134965,1.3716258068196792
lane:52,,2.666666666666666,4173.666666666663,0.0001349270088048328,0.21117763465566383
lane:520,,34125.50000000001,27108.5,1.7266693646134965,1.3716258068196792
lane:521,,34125.50000000001,27108.5,1.7266693646134965,1.3716258068196792
lane:522,,0.0,0.0,0.0,0.0
lane:523,,0.0,0.0,0.0,0.0
lane:524,,0.0,0.0,0.0,0.0
lane:525,,0.0,0.0,0.0,0.0
lane:526,,0.0,0.0,0.0,0.0
lane:527,,0.0,0.0,0.0,0.0
lane:528,,0.0,0.0,0.0,0.0
lane:529,,0.0,0.0,0.0,0.0
lane:53,,2.666666666666666,4502.999999999995,0.0001349270088048328,0.22784112024306064
lane:530,,0.0,0.0,0.0,0.0
lane:531,,0.0,0.0,0.0,0.0
lane:532,,0.0,0.0,0.0,0.0
lane:533,,0.0,0.0,0.0,0.0
lane:534,,0.0,0.0,0.0,0.0
lane:535,,0.0,0.0,0.0,0.0
lane:536,,0.0,0.0,0.0,0.0
lane:537,,0.0,0.0,0.0,0.0
lane:538,,0.0,0.0,0.0,0.0
lane:539,,0.0,0.0,0.0,0.0
lane:54,,4.666666666666668,4504.999999999995,0.00023612226540845754,0.22794231549966426
lane:540,,0.0,0.0,0.0,0.0
lane:541,,0.0,0.0,0.0,0.0
lane:542,,0.0,0.0,0.0,0.0
lane:543,,0.0,0.0,0.0,0.0
lane:544,,0.0,0.0,0.0,0.0
lane:545,,0.0,0.0,0.0,0.0
lane:546,,0.0,0.0,0.0,0.0
lane:547,,0.0,0.0,0.0,0.0
lane:548,,0.0,0.0,0.0,0.0
lane:549,,0.0,0.0,0.0,0.0
lane:55,,4.666666666666668,4504.999999999995,0.00023612226540845754,0.22794231549966426
lane:550,,0.0,0.0,0.0,0.0
lane:551,,0.0,0.0,0.0,0.0
lane:552,,0.0,0.0,0.0,0.0
lane:553,,0.0,0.0,0.0,0.0
lane:554,,0.0,0.0,0.0,0.0
lane:555,,0.0,0.0,0.0,0.0
lane:556,,0.0,0.0,0.0,0.0
lane:557,,0.0,0.0,0.0,0.0
lane:558,,0.0,0.0,0.0,0.0
lane:559,,0.0,0.0,0.0,0.0
lane:56,,3.4999999999999996,4781.499999999995,0.00017709169905634307,0.24193255972511535
lane:560,,0.0,0.0,0.0,0.0
lane:561,,0.0,0.0,0.0,0.0
lane:562,,0.0,0.0,0.0,0.0
lane:563,,0.0,0.0,0.0,0.0
lane:564,,0.0,0.0,0.0,0.0
lane:565,,0.0,0.0,0.0,0.0
lane:566,,0.0,0.0,0.0,0.0
lane:567,,0.0,0.0,0.0,0.0
lane:568,,0.0,0.0,0.0,0.0
lane:569,,0.0,0.0,0.0,0.0
lane:57,,3.4999999999999996,4781.499999999995,0.00017709169905634307,0.24193255972511535
lane:570,,0.0,0.0,0.0,0.0
lane:571,,0.0,0.0,0.0,0.0
lane:572,,0.0,0.0,0.0,0.0
lane:573,,0.0,0.0,0.0,0.0
lane:574,,0.0,0.0,0.0,0.0
lane:575,,0.0,0.0,0.0,0.0
lane:576,,0.0,0.0,0.0,0.0
lane:577,,0.0,0.0,0.0,0.0
lane:578,,0.0,0.0,0.0,0.0
lane:579,,0.0,0.0,0.0,0.0
lane:58,,3.4999999999999996,6555.999999999998,0.00017709169905634307,0.33171805114668146
lane:580,,27935.666666666675,52216.49999999996,1.4134784783633287,2.6420310582215807
lane:581,,27935.666666666675,52216.49999999996,1.4134784783633287,2.6420310582215807
lane:582,,27935.666666666675,52216.49999999996,1.4134784783633287,2.6420310582215807
lane:583,,27935.666666666675,52216.49999999996,1.4134784783633287,2.6420310582215807
lane:584,,27935.666666666675,52216.49999999996,1.4134784783633287,2.6420310582215807
lane:585,,27935.666666666675,52216.49999999996,1.4134784783633287,2.6420310582215807
lane:586,,27935.666666666675,52216.49999999996,1.4134784783633287,2.6420310582215807
lane:587,,55871.33333333329,104433.00000000016,2.8269569567266544,5.284062116443174
lane:588,,55871.33333333329,104433.00000000016,2.8269569567266544,5.284062116443174
lane:589,,55871.33333333329,104433.00000000016,2.8269569567266544,5.284062116443174
lane:59,,3.4999999999999996,6555.999999999998,0.00017709169905634307,0.33171805114668146
lane:590,,55871.33333333329,104433.00000000016,2.8269569567266544,5.284062116443174
lane:591,,83807.00000000009,156649.49999999997,4.240435435089989,7.9260931746647465
lane:592,,83807.00000000009,156649.49999999997,4.240435435089989,7.9260931746647465
lane:593,,83807.00000000009,156649.49999999997,4.240435435089989,7.9260931746647465
lane:594,,83807.00000000009,156649.49999999997,4.240435435089989,7.9260931746647465
lane:595,,83807.00000000009,156649.49999999997,4.240435435089989,7.9260931746647465
lane:596,,174674.6666666664,278692.83333333366,8.838123857742952,14.101196391378945
lane:597,,169700.99999999983,280903.3333333337,8.586468120445844,14.213042448740104
lane:598,,164977.99999999988,270322.16666666686,8.347495521976386,13.67766051074057
lane:599,,174346.99999999977,297694.0000000002,8.82154470153606,15.062610359679724
lane:6,,0.0,0.0,0.0,0.0
lane:60,,3.4999999999999996,6087.999999999998,0.00017709169905634307,0.3080383611014333
lane:600,,166642.66666666657,286845.0000000006,8.431723707222805,14.513676690233384
lane:601,,106117.00000000017,193516.4999999996,5.369268522503426,9.791475937267641
lane:602,,94539.66666666673,182896.4999999998,4.783482913777239,9.254129124702406
lane:603,,89185.00000000003,177571.1666666666,4.512549480097133,8.984679888119162
lane:604,,86507.6666666667,176818.33333333326,4.377082763257081,8.946588306945946
lane:605,,83038.00000000003,180307.33333333305,4.201525858925892,9.12312343209096
lane:606,,77302.6666666667,165481.9999999996,3.9113315947388987,8.372996726640485
lane:607,,4915.000000000001,61998.333333333234,0.24868734310340757,3.1369686253318556
lane:608,,1466.666666666667,45894.16666666649,0.07420985484265807,2.322135986221416
lane:609,,160.83333333333331,31795.833333333398,0.00813778521854148,1.6087937565463772
lane:61,,3.4999999999999996,6087.999999999998,0.00017709169905634307,0.3080383611014333
lane:610,,0.0,21595.00000000005,0.0,1.0926557831776396
lane:611,,0.0,14387.999999999973,0.0,0.7279986760064742
lane:612,,0.0,14387.999999999973,0.0,0.7279986760064742
lane:613,,0.0,6363.000000000001,0.0,0.3219527088844318
lane:614,,0.0,0.0,0.0,0.0
lane:615,,0.0,0.0,0.0,0.0
lane:616,,0.0,0.0,0.0,0.0
lane:617,,0.0,0.0,0.0,0.0
lane:618,,0.0,0.0,0.0,0.0
lane:619,,0.0,0.0,0.0,0.0
lane:62,,0.0,0.0,0.0,0.0
lane:620,,0.0,0.0,0.0,0.0
lane:621,,0.0,0.0,0.0,0.0
lane:622,,0.0,0.0,0.0,0.0
lane:623,,0.0,0.0,0.0,0.0
lane:624,,0.0,0.0,0.0,0.0
lane:625,,0.0,0.0,0.0,0.0
lane:626,,0.0,0.0,0.0,0.0
lane:627,,0.0,0.0,0.0,0.0
lane:628,,0.0,0.0,0.0,0.0
lane:629,,0.0,0.0,0.0,0.0
lane:63,,0.0,0.0,0.0,0.0
lane:630,,0.0,0.0,0.0,0.0
lane:631,,0.0,0.0,0.0,0.0
lane:632,,13993.000000000002,25611.499999999996,0.7080126128272598,1.2958811572518658
lane:633,,13993.000000000002,25611.499999999996,0.7080126128272598,1.2958811572518658
lane:634,,59377.666666666635,91873.5000000001,3.0043691074289094,4.648581203786559
lane:635,,0.0,0.0,0.0,0.0
lane:636,,0.0,0.0,0.0,0.0
lane:637,,0.0,0.0,0.0,0.0
lane:638,,0.0,0.0,0.0,0.0
lane:639,,0.0,0.0,0.0,0.0
lane:64,,0.0,0.0,0.0,0.0
lane:640,,0.0,0.0,0.0,0.0
lane:641,,0.0,0.0,0.0,0.0
lane:642,,0.0,0.0,0.0,0.0
lane:643,,0.0,0.0,0.0,0.0
lane:644,,0.0,0.0,0.0,0.0
lane:645,,0.0,0.0,0.0,0.0
lane:646,,0.0,0.0,0.0,0.0
lane:647,,0.0,0.0,0.0,0.0
lane:648,,0.0,0.0,0.0,0.0
lane:649,,0.0,0.0,0.0,0.0
lane:65,,0.0,0.0,0.0,0.0
lane:650,,0.0,0.0,0.0,0.0
lane:651,,0.0,0.0,0.0,0.0
lane:652,,0.0,0.0,0.0,0.0
lane:653,,0.0,0.0,0.0,0.0
lane:654,,0.0,0.0,0.0,0.0
lane:655,,0.0,0.0,0.0,0.0
lane:656,,0.0,0.0,0.0,0.0
lane:657,,0.0,0.0,0.0,0.0
lane:658,,0.0,0.0,0.0,0.0
lane:659,,45433.83333333332,61021.66666666665,2.29884421132649,3.0875516083570895
lane:66,,0.0,0.0,0.0,0.0
lane:660,,22959.666666666675,45933.33333333333,1.1617046799335107,2.3241177266632453
lane:661,,18236.666666666664,38555.49999999999,0.9227320814640505,1.9508168579905243
lane:662,,66314.33333333331,92876.33333333334,3.3553479890824813,4.699322192035222
lane:663,,66314.33333333331,92876.33333333334,3.3553479890824813,4.699322192035222
lane:664,,7056.333333333334,24608.666666666675,0.3570337311736883,1.2451401690031991
lane:665,,4379.0,20311.66666666668,0.22156701433363613,1.0277221601903117
lane:666,,72387.66666666663,103483.66666666674,3.6626442516354873,5.236028101308649
lane:667,,293.3333333333333,9178.83333333333,0.014841970968531612,0.4644271972442848
lane:668,,32.166666666666664,6359.16666666667,0.001627557043708296,0.32175875130927495
lane:669,,0.0,0.0,0.0,0.0
lane:67,,0.0,0.0,0.0,0.0
lane:670,,0.0,0.0,0.0,0.0
lane:671,,0.0,0.0,0.0,0.0
lane:672,,0.0,155.0,0.0,0.007842632386780908
lane:673,,0.0,0.0,0.0,0.0
lane:674,,0.0,0.0,0.0,0.0
lane:675,,0.0,0.0,0.0,0.0
lane:676,,0.0,0.0,0.0,0.0
lane:677,,0.0,0.0,0.0,0.0
lane:678,,0.0,0.0,0.0,0.0
lane:679,,0.0,0.0,0.0,0.0
lane:68,,0.0,0.0,0.0,0.0
lane:680,,0.0,0.0,0.0,0.0
lane:681,,0.0,0.0,0.0,0.0
lane:682,,0.0,0.0,0.0,0.0
lane:683,,0.0,0.0,0.0,0.0
lane:684,,0.0,0.0,0.0,0.0
lane:685,,0.0,0.0,0.0,0.0
lane:686,,0.0,0.0,0.0,0.0
lane:687,,0.0,0.0,0.0,0.0
lane:688,,0.0,0.0,0.0,0.0
lane:689,,0.0,0.0,0.0,0.0
lane:69,,0.0,0.0,0.0,0.0
lane:690,,0.0,0.0,0.0,0.0
lane:691,,0.0,0.0,0.0,0.0
lane:692,,0.0,0.0,0.0,0.0
lane:693,,0.0,0.0,0.0,0.0
lane:694,,0.0,0.0,0.0,0.0
lane:695,,0.0,0.0,0.0,0.0
lane:696,,0.0,0.0,0.0,0.0
lane:697,,0.0,0.0,0.0,0.0
lane:698,,0.0,0.0,0.0,0.0
lane:699,,0.0,0.0,0.0,0.0
lane:7,,0.0,0.0,0.0,0.0
lane:70,,0.0,0.0,0.0,0.0
lane:700,,0.0,0.0,0.0,0.0
lane:701,,0.0,0.0,0.0,0.0
lane:702,,0.0,0.0,0.0,0.0
lane:703,,0.0,0.0,0.0,0.0
lane:704,,0.0,0.0,0.0,0.0
lane:705,,0.0,0.0,0.0,0.0
lane:706,,0.0,0.0,0.0,0.0
lane:707,,0.0,180.16666666666669,0.0,0.00911600603237652
lane:708,,1.1666666666666667,2185.333333333334,5.903056635211437e-05,0.11057268371556055
lane:709,,1.1666666666666667,2185.333333333334,5.903056635211437e-05,0.11057268371556055
lane:71,,0.0,0.0,0.0,0.0
lane:710,,1.1666666666666667,4246.833333333332,5.903056635211437e-05,0.21487969445974653
lane:711,,1.1666666666666667,6780.833333333334,5.903056635211437e-05,0.34309408457653906
lane:712,,1.1666666666666667,10064.666666666666,5.903056635211437e-05,0.5092482629816403
lane:713,,123.5,14469.499999999996,0.006248807095273821,0.7321223827130731
lane:714,,1569.0,20327.333333333332,0.07938767880554352,1.0285148563670394
lane:715,,3947.833333333333,23379.000000000007,0.1997510035975047,1.1829219520680705
lane:716,,7731.5,26464.5,0.3911955632154619,1.339040934193312
lane:717,,11336.500000000002,32224.0,0.5736000132434954,1.6304579743976
lane:718,,17061.833333333332,39699.499999999985,0.8632883011474713,2.0087005447677972
lane:719,,24651.666666666668,47630.833333333336,1.2473158670201767,2.4100072007055724
lane:72,,0.0,0.0,0.0,0.0
lane:720,,34059.83333333334,56232.33333333334,1.7233467870216777,2.8452227005436113
lane:721,,45434.999999999985,65268.49999999998,2.298903241892842,3.302431302816836
lane:722,,45434.999999999985,65268.49999999998,2.298903241892842,3.302431302816836
lane:723,,73370.66666666664,117485.00000000016,3.7123817202561695,5.944462361038428
lane:724,,73370.66666666664,117485.00000000016,3.7123817202561695,5.944462361038428
lane:725,,73370.66666666664,117485.00000000016,3.7123817202561695,5.944462361038428
lane:726,,0.0,0.0,0.0,0.0
lane:727,,0.0,0.0,0.0,0.0
lane:728,,0.0,0.0,0.0,0.0
lane:729,,0.0,0.0,0.0,0.0
lane:73,,0.0,0.0,0.0,0.0
lane:730,,0.0,0.0,0.0,0.0
lane:731,,0.0,0.0,0.0,0.0
lane:732,,0.0,0.0,0.0,0.0
lane:733,,0.0,0.0,0.0,0.0
lane:734,,0.0,0.0,0.0,0.0
lane:735,,0.0,0.0,0.0,0.0
lane:736,,0.0,0.0,0.0,0.0
lane:737,,0.0,0.0,0.0,0.0
lane:738,,0.0,0.0,0.0,0.0
lane:739,,0.0,0.0,0.0,0.0
lane:74,,0.0,0.0,0.0,0.0
lane:740,,0.0,0.0,0.0,0.0
lane:741,,0.0,0.0,0.0,0.0
lane:742,,0.0,0.0,0.0,0.0
lane:743,,0.0,0.0,0.0,0.0
lane:744,,0.0,0.0,0.0,0.0
lane:745,,0.0,0.0,0.0,0.0
lane:746,,0.0,0.0,0.0,0.0
lane:747,,0.0,0.0,0.0,0.0
lane:748,,0.0,0.0,0.0,0.0
lane:749,,0.0,0.0,0.0,0.0
lane:75,,0.0,0.0,0.0,0.0
lane:750,,0.0,0.0,0.0,0.0
lane:751,,0.0,0.0,0.0,0.0
lane:752,,0.0,0.0,0.0,0.0
lane:753,,0.0,0.0,0.0,0.0
lane:754,,0.0,0.0,0.0,0.0
lane:755,,0.0,0.0,0.0,0.0
lane:756,,0.0,0.0,0.0,0.0
lane:757,,0.0,0.0,0.0,0.0
lane:758,,0.0,0.0,0.0,0.0
lane:759,,0.0,0.0,0.0,0.0
lane:76,,0.0,0.0,0.0,0.0
lane:760,,0.0,0.0,0.0,0.0
lane:761,,0.0,0.0,0.0,0.0
lane:762,,0.0,0.0,0.0,0.0
lane:763,,0.0,0.0,0.0,0.0
lane:764,,0.0,0.0,0.0,0.0
lane:765,,0.0,0.0,0.0,0.0
lane:766,,0.0,0.0,0.0,0.0
lane:767,,0.0,0.0,0.0,0.0
lane:768,,0.0,0.0,0.0,0.0
lane:769,,0.0,0.0,0.0,0.0
lane:77,,0.0,0.0,0.0,0.0
lane:770,,0.0,0.0,0.0,0.0
lane:771,,0.0,0.0,0.0,0.0
lane:772,,0.0,0.0,0.0,0.0
lane:773,,0.0,0.0,0.0,0.0
lane:774,,0.0,0.0,0.0,0.0
lane:775,,0.0,0.0,0.0,0.0
lane:776,,0.0,0.0,0.0,0.0
lane:777,,0.0,0.0,0.0,0.0
lane:778,,0.0,0.0,0.0,0.0
lane:779,,0.0,0.0,0.0,0.0
lane:78,,0.0,0.0,0.0,0.0
lane:780,,0.0,0.0,0.0,0.0
lane:781,,0.0,0.0,0.0,0.0
lane:782,,0.0,0.0,0.0,0.0
lane:783,,0.0,0.0,0.0,0.0
lane:784,,0.0,900.8333333333336,0.0,0.045580030161882605
lane:785,,0.0,492.83333333333326,0.0,0.024936197814743166
lane:786,,0.0,492.83333333333326,0.0,0.024936197814743166
lane:787,,0.0,839.3333333333335,0.0,0.042468276021321145
lane:788,,0.0,1381.4999999999995,0.0,0.06990062349895369
lane:789,,0.0,2372.3333333333344,0.0,0.12003444020799947
lane:79,,0.0,0.0,0.0,0.0
lane:790,,118.83333333333333,4108.999999999999,0.006012684829865363,0.20790565469214675
lane:791,,1027.8333333333333,6969.0,0.052005928956212755,0.35261487163533
lane:792,,12922.0,22227.333333333343,0.6538225529160188,1.1246503501404834
lane:793,,31840.333333333332,37654.83333333332,1.6110453510058047,1.9052452607666919
lane:794,,7190.333333333333,13343.0,0.3638138133661311,0.6751241544310818
lane:795,,7741.833333333333,15850.333333333334,0.39171840537458064,0.8019892744598258
lane:796,,8936.166666666666,18680.333333333336,0.4521488394430451,0.9451805625539548
lane:797,,11022.166666666668,21953.5,0.5576954920806257,1.1107950329238367
lane:798,,13993.000000000002,25611.499999999996,0.7080126128272598,1.2958811572518658
lane:799,,13993.000000000002,25611.499999999996,0.7080126128272598,1.2958811572518658
lane:8,,0.0,0.0,0.0,0.0
lane:80,,0.0,0.0,0.0,0.0
lane:800,,13993.000000000002,25611.499999999996,0.7080126128272598,1.2958811572518658
lane:801,,13993.000000000002,25611.499999999996,0.7080126128272598,1.2958811572518658
lane:802,,0.0,0.0,0.0,0.0
lane:803,,0.0,0.0,0.0,0.0
lane:804,,0.0,0.0,0.0,0.0
lane:805,,0.0,0.0,0.0,0.0
lane:806,,0.0,0.0,0.0,0.0
lane:807,,0.0,0.0,0.0,0.0
lane:808,,0.0,0.0,0.0,0.0
lane:809,,0.0,0.0,0.0,0.0
lane:81,,0.0,0.0,0.0,0.0
lane:810,,0.0,0.0,0.0,0.0
lane:811,,0.0,0.0,0.0,0.0
lane:812,,0.0,0.0,0.0,0.0
lane:813,,0.0,0.0,0.0,0.0
lane:814,,0.0,0.0,0.0,0.0
lane:815,,0.0,0.0,0.0,0.0
lane:816,,0.0,0.0,0.0,0.0
lane:817,,0.0,0.0,0.0,0.0
lane:818,,0.0,0.0,0.0,0.0
lane:819,,0.0,0.0,0.0,0.0
lane:82,,0.0,0.0,0.0,0.0
lane:820,,0.0,0.0,0.0,0.0
lane:821,,0.0,0.0,0.0,0.0
lane:822,,0.0,0.0,0.0,0.0
lane:823,,0.0,0.0,0.0,0.0
lane:824,,0.0,0.0,0.0,0.0
lane:825,,0.0,0.0,0.0,0.0
lane:826,,0.0,0.0,0.0,0.0
lane:827,,0.0,0.0,0.0,0.0
lane:828,,73370.66666666664,117485.00000000016,3.7123817202561695,5.944462361038428
lane:829,,0.0,0.0,0.0,0.0
lane:83,,0.0,0.0,0.0,0.0
lane:830,,0.0,1182.9999999999998,0.0,0.059856994281043956
lane:831,,1.1666666666666667,1692.5,5.903056635211437e-05,0.08563648590081735
lane:832,,1.1666666666666667,1692.5,5.903056635211437e-05,0.08563648590081735
lane:833,,1.1666666666666667,3407.5,5.903056635211437e-05,0.17241141843842547
lane:834,,1.1666666666666667,5399.333333333333,5.903056635211437e-05,0.2731934610775853
lane:835,,1.1666666666666667,7692.333333333334,5.903056635211437e-05,0.38921382277364097
lane:836,,4.666666666666667,10360.499999999998,0.0002361222654084575,0.5242167280209264
lane:837,,541.1666666666665,13358.33333333333,0.027381749849330755,0.6758999847317093
lane:838,,2534.166666666666,17265.666666666668,0.12822282305484267,0.8736017843829909
lane:839,,6105.166666666669,22014.000000000007,0.3089069537206146,1.1138561894360968
lane:84,,0.0,0.0,0.0,0.0
lane:840,,4146.166666666668,18881.000000000004,0.20978619987736422,0.9553338199665184
lane:841,,9319.999999999996,23849.166666666668,0.4715698957728906,1.2067112703079723
lane:842,,15715.499999999995,28950.500000000007,0.7951670275771312,1.4648266381516177
lane:843,,23037.666666666675,34278.83333333334,1.165651294941052,1.7344276676197745
lane:844,,31442.000000000004,39656.99999999999,1.590890629065583,2.0065501455649706
lane:845,,31442.000000000004,39656.99999999999,1.590890629065583,2.0065501455649706
lane:846,,59377.666666666635,91873.5000000001,3.0043691074289094,4.648581203786559
lane:847,,59377.666666666635,91873.5000000001,3.0043691074289094,4.648581203786559
lane:848,,0.0,0.0,0.0,0.0
lane:849,,0.0,0.0,0.0,0.0
lane:85,,0.0,0.0,0.0,0.0
lane:850,,0.0,0.0,0.0,0.0
lane:851,,0.0,0.0,0.0,0.0
lane:852,,0.0,0.0,0.0,0.0
lane:853,,0.0,0.0,0.0,0.0
lane:854,,0.0,0.0,0.0,0.0
lane:855,,0.0,0.0,0.0,0.0
lane:856,,0.0,0.0,0.0,0.0
lane:857,,0.0,0.0,0.0,0.0
lane:858,,0.0,0.0,0.0,0.0
lane:859,,0.0,0.0,0.0,0.0
lane:86,,0.0,0.0,0.0,0.0
lane:860,,0.0,0.0,0.0,0.0
lane:861,,0.0,0.0,0.0,0.0
lane:862,,0.0,0.0,0.0,0.0
lane:863,,0.0,0.0,0.0,0.0
lane:864,,0.0,0.0,0.0,0.0
lane:865,,0.0,0.0,0.0,0.0
lane:866,,0.0,0.0,0.0,0.0
lane:867,,0.0,0.0,0.0,0.0
lane:868,,0.0,0.0,0.0,0.0
lane:869,,0.0,0.0,0.0,0.0
lane:87,,0.0,0.0,0.0,0.0
lane:870,,0.0,0.0,0.0,0.0
lane:871,,0.0,0.0,0.0,0.0
lane:872,,0.0,0.0,0.0,0.0
lane:873,,0.0,0.0,0.0,0.0
lane:874,,0.0,0.0,0.0,0.0
lane:875,,0.0,0.0,0.0,0.0
lane:876,,0.0,0.0,0.0,0.0
lane:877,,0.0,0.0,0.0,0.0
lane:878,,0.0,0.0,0.0,0.0
lane:879,,0.0,0.0,0.0,0.0
lane:88,,0.0,0.0,0.0,0.0
lane:880,,0.0,0.0,0.0,0.0
lane:881,,0.0,0.0,0.0,0.0
lane:882,,0.0,0.0,0.0,0.0
lane:883,,0.0,0.0,0.0,0.0
lane:884,,0.0,0.0,0.0,0.0
lane:885,,0.0,0.0,0.0,0.0
lane:886,,0.0,0.0,0.0,0.0
lane:887,,0.0,0.0,0.0,0.0
lane:888,,0.0,0.0,0.0,0.0
lane:889,,0.0,0.0,0.0,0.0
lane:89,,0.0,0.0,0.0,0.0
lane:890,,0.0,0.0,0.0,0.0
lane:891,,0.0,0.0,0.0,0.0
lane:892,,0.0,0.0,0.0,0.0
lane:893,,0.0,0.0,0.0,0.0
lane:894,,0.0,0.0,0.0,0.0
lane:895,,0.0,0.0,0.0,0.0
lane:896,,0.0,0.0,0.0,0.0
lane:897,,0.0,0.0,0.0,0.0
lane:898,,0.0,0.0,0.0,0.0
lane:899,,0.0,0.0,0.0,0.0
lane:9,,0.0,0.0,0.0,0.0
lane:90,,0.0,0.0,0.0,0.0
lane:900,,0.0,0.0,0.0,0.0
lane:901,,0.0,0.0,0.0,0.0
lane:902,,0.0,0.0,0.0,0.0
lane:903,,0.0,0.0,0.0,0.0
lane:904,,0.0,0.0,0.0,0.0
lane:905,,0.0,0.0,0.0,0.0
lane:906,,0.0,0.0,0.0,0.0
lane:907,,0.0,591.5,0.0,0.029928497140521985
lane:908,,1.1666666666666667,2185.333333333334,5.903056635211437e-05,0.11057268371556055
lane:909,,1.1666666666666667,2185.333333333334,5.903056635211437e-05,0.11057268371556055
lane:91,,0.0,0.0,0.0,0.0
lane:910,,1.1666666666666667,4246.833333333332,5.903056635211437e-05,0.21487969445974653
lane:911,,1.1666666666666667,6780.833333333334,5.903056635211437e-05,0.34309408457653906
lane:912,,1.1666666666666667,10064.666666666666,5.903056635211437e-05,0.5092482629816403
lane:913,,123.5,14469.499999999996,0.006248807095273821,0.7321223827130731
lane:914,,1569.0,20327.333333333332,0.07938767880554352,1.0285148563670394
lane:915,,2565.5,22281.000000000004,0.12980821540829948,1.1273657561926804
lane:916,,4350.999999999999,24655.16666666667,0.22015028074118534,1.2474929587192332
lane:917,,11336.500000000002,32224.0,0.5736000132434954,1.6304579743976
lane:918,,17061.833333333332,39699.499999999985,0.8632883011474713,2.0087005447677972
lane:919,,24651.666666666668,47630.833333333336,1.2473158670201767,2.4100072007055724
lane:92,,0.0,0.0,0.0,0.0
lane:920,,34059.83333333334,56232.33333333334,1.7233467870216777,2.8452227005436113
lane:921,,45434.999999999985,65268.49999999998,2.298903241892842,3.302431302816836
lane:922,,45434.999999999985,65268.49999999998,2.298903241892842,3.302431302816836
lane:923,,73370.66666666664,117485.00000000016,3.7123817202561695,5.944462361038428
lane:924,,73370.66666666664,117485.00000000016,3.7123817202561695,5.944462361038428
lane:925,,73370.66666666664,117485.00000000016,3.7123817202561695,5.944462361038428
lane:926,,0.0,0.0,0.0,0.0
lane:927,,0.0,0.0,0.0,0.0
lane:928,,0.0,0.0,0.0,0.0
lane:929,,0.0,0.0,0.0,0.0
lane:93,,0.0,0.0,0.0,0.0
lane:930,,0.0,0.0,0.0,0.0
lane:931,,0.0,0.0,0.0,0.0
lane:932,,0.0,0.0,0.0,0.0
lane:933,,0.0,0.0,0.0,0.0
lane:934,,0.0,0.0,0.0,0.0
lane:935,,0.0,0.0,0.0,0.0
lane:936,,0.0,0.0,0.0,0.0
lane:937,,0.0,0.0,0.0,0.0
lane:938,,0.0,0.0,0.0,0.0
lane:939,,0.0,0.0,0.0,0.0
lane:94,,0.0,0.0,0.0,0.0
lane:940,,0.0,0.0,0.0,0.0
lane:941,,0.0,0.0,0.0,0.0
lane:942,,0.0,0.0,0.0,0.0
lane:943,,0.0,0.0,0.0,0.0
lane:944,,0.0,0.0,0.0,0.0
lane:945,,0.0,0.0,0.0,0.0
lane:946,,0.0,0.0,0.0,0.0
lane:947,,0.0,1774.4999999999998,0.0,0.08978549142156594
lane:948,,0.0,0.0,0.0,0.0
lane:949,,0.0,0.0,0.0,0.0
lane:95,,0.0,0.0,0.0,0.0
lane:950,,0.0,0.0,0.0,0.0
lane:951,,0.0,0.0,0.0,0.0
lane:952,,0.0,0.0,0.0,0.0
lane:953,,0.0,0.0,0.0,0.0
lane:954,,0.0,0.0,0.0,0.0
lane:955,,2989.4999999999995,5861.0,0.1512616098082679,0.296552699476922
lane:956,,8345.999999999998,12983.5,0.4222878058069255,0.6569343070565802
lane:957,,0.0,0.0,0.0,0.0
lane:958,,0.0,0.0,0.0,0.0
lane:959,,0.0,0.0,0.0,0.0
lane:96,,0.0,0.0,0.0,0.0
lane:960,,0.0,0.0,0.0,0.0
lane:961,,0.0,0.0,0.0,0.0
lane:962,,0.0,0.0,0.0,0.0
lane:963,,0.0,0.0,0.0,0.0
lane:964,,0.0,0.0,0.0,0.0
lane:965,,0.0,0.0,0.0,0.0
lane:966,,0.0,0.0,0.0,0.0
lane:967,,0.0,0.0,0.0,0.0
lane:968,,0.0,0.0,0.0,0.0
lane:969,,0.0,0.0,0.0,0.0
lane:97,,0.0,0.0,0.0,0.0
lane:970,,0.0,0.0,0.0,0.0
lane:971,,0.0,0.0,0.0,0.0
lane:972,,0.0,0.0,0.0,0.0
lane:973,,0.0,0.0,0.0,0.0
lane:974,,0.0,0.0,0.0,0.0
lane:975,,0.0,0.0,0.0,0.0
lane:976,,0.0,0.0,0.0,0.0
lane:977,,0.0,0.0,0.0,0.0
lane:978,,0.0,0.0,0.0,0.0
lane:979,,0.0,468.0,0.0,0.023679690045248163
lane:98,,0.0,0.0,0.0,0.0
lane:980,,0.0,0.0,0.0,0.0
lane:981,,0.0,0.0,0.0,0.0
lane:982,,0.0,0.0,0.0,0.0
lane:983,,0.0,0.0,0.0,0.0
lane:984,,0.0,0.0,0.0,0.0
lane:985,,0.0,0.0,0.0,0.0
lane:986,,0.0,0.0,0.0,0.0
lane:987,,864.0,1605.0,0.04371635085276584,0.08120919342440877
lane:988,,2469.0,3584.5,0.1249255442771746,0.18136719864784626
lane:989,,0.0,0.0,0.0,0.0
lane:99,,0.0,0.0,0.0,0.0
lane:990,,0.0,0.0,0.0,0.0
lane:991,,0.0,0.0,0.0,0.0
lane:992,,0.0,0.0,0.0,0.0
lane:993,,0.0,0.0,0.0,0.0
lane:994,,0.0,0.0,0.0,0.0
lane:995,,0.0,0.0,0.0,0.0
lane:996,,0.0,0.0,0.0,0.0
lane:997,,0.0,0.0,0.0,0.0
lane:998,,0.0,0.0,0.0,0.0
lane:999,,0.0,0.0,0.0,0.0
