strategy,rack_id,workload_expected_visits,distinct_sku_count,inventory_load_count
Basic,G0_10,120.0,2,12
Basic,G0_11,111.0,4,12
Basic,G0_12,259.0,9,12
Basic,G0_13,309.0,12,12
Basic,G0_14,1661.0,12,12
Basic,G0_15,3854.0,12,12
Basic,G11_1,129.0,1,12
Basic,G11_10,2240.0,12,12
Basic,G11_2,97.0,4,12
Basic,G11_4,250.0,11,12
Basic,G11_5,922.0,12,12
Basic,G11_6,922.0,12,12
Basic,G11_7,2529.0,12,12
Basic,G11_8,159.0,12,12
Basic,G11_9,1114.0,12,12
Basic,G12_1,129.0,1,12
Basic,G12_10,2548.0,12,12
Basic,G12_15,2332.0,12,12
Basic,G12_2,112.0,4,12
Basic,G12_4,346.0,12,12
Basic,G12_5,501.0,12,12
Basic,G12_6,3228.0,12,12
Basic,G12_7,5404.0,12,12
Basic,G12_8,667.0,12,12
Basic,G12_9,1567.0,12,12
Basic,G14_1,73.0,3,12
Basic,G14_10,3120.0,12,12
Basic,G14_12,4535.0,12,12
Basic,G14_13,5403.0,12,12
Basic,G14_14,5868.0,12,12
Basic,G14_15,6544.0,12,12
Basic,G14_2,113.0,5,12
Basic,G14_4,538.0,12,12
Basic,G14_5,625.0,12,12
Basic,G14_6,2120.0,12,12
Basic,G14_7,94.0,12,12
Basic,G14_8,1038.0,12,12
Basic,G14_9,2111.0,12,12
Basic,G15_1,112.0,4,12
Basic,G15_10,3527.0,12,12
Basic,G15_12,5202.0,12,12
Basic,G15_13,5716.0,12,12
Basic,G15_14,6410.0,12,12
Basic,G15_15,6620.0,12,12
Basic,G15_2,181.0,9,12
Basic,G15_4,841.0,12,12
Basic,G15_5,2828.0,12,12
Basic,G15_6,4521.0,12,12
Basic,G15_7,642.0,12,12
Basic,G15_8,1569.0,12,12
Basic,G15_9,2616.0,12,12
Basic,G17_1,111.0,4,12
Basic,G17_10,3513.0,12,12
Basic,G17_12,5304.0,12,12
Basic,G17_13,6051.0,12,12
Basic,G17_14,6597.0,12,12
Basic,G17_15,6056.0,12,12
Basic,G17_2,242.0,8,12
Basic,G17_4,2225.0,12,12
Basic,G17_5,1436.0,12,12
Basic,G17_6,4686.0,12,12
Basic,G17_7,566.0,12,12
Basic,G17_8,1452.0,12,12
Basic,G17_9,2507.0,12,12
Basic,G18_1,112.0,4,12
Basic,G18_10,3454.0,12,12
Basic,G18_12,4956.0,12,12
Basic,G18_13,5614.0,12,12
Basic,G18_14,6212.0,12,12
Basic,G18_15,6259.0,12,12
Basic,G18_2,154.0,8,12
Basic,G18_4,1068.0,12,12
Basic,G18_5,1459.0,12,12
Basic,G18_6,4250.0,12,12
Basic,G18_7,493.0,12,12
Basic,G18_8,1457.0,12,12
Basic,G18_9,2748.0,12,12
Basic,G20_1,111.0,4,12
Basic,G20_10,3637.0,12,12
Basic,G20_12,5246.0,12,12
Basic,G20_13,5811.0,12,12
Basic,G20_14,6222.0,12,12
Basic,G20_15,6892.0,12,12
Basic,G20_2,241.0,7,12
Basic,G20_4,434.0,12,12
Basic,G20_5,1068.0,12,12
Basic,G20_6,4503.0,12,12
Basic,G20_7,474.0,12,12
Basic,G20_8,1318.0,12,12
Basic,G20_9,2424.0,12,12
Basic,G21_1,108.0,4,12
Basic,G21_10,3340.0,12,12
Basic,G21_12,4984.0,12,12
Basic,G21_13,5913.0,12,12
Basic,G21_14,6433.0,12,12
Basic,G21_15,6475.0,12,12
Basic,G21_2,236.0,7,12
Basic,G21_4,1014.0,12,12
Basic,G21_5,716.0,12,12
Basic,G21_6,3691.0,12,12
Basic,G21_7,435.0,12,12
Basic,G21_8,1421.0,12,12
Basic,G21_9,2387.0,12,12
Basic,G23_1,129.0,1,12
Basic,G23_10,2856.0,12,12
Basic,G23_12,4695.0,12,12
Basic,G23_13,5463.0,12,12
Basic,G23_14,6425.0,12,12
Basic,G23_15,6795.0,12,12
Basic,G23_2,112.0,4,12
Basic,G23_4,566.0,12,12
Basic,G23_5,2134.0,12,12
Basic,G23_6,3895.0,12,12
Basic,G23_7,2233.0,12,12
Basic,G23_8,815.0,12,12
Basic,G23_9,1778.0,12,12
Basic,G24_1,129.0,1,12
Basic,G24_12,4254.0,12,12
Basic,G24_13,5066.0,12,12
Basic,G24_14,5299.0,12,12
Basic,G24_15,6127.0,12,12
Basic,G24_2,111.0,4,12
Basic,G24_4,259.0,12,12
Basic,G24_5,1272.0,12,12
Basic,G24_6,384.0,12,12
Basic,G24_7,3615.0,12,12
Basic,G24_8,375.0,12,12
Basic,G26_10,1728.0,12,12
Basic,G26_12,3578.0,12,12
Basic,G26_13,4280.0,12,12
Basic,G26_14,5539.0,12,12
Basic,G26_15,5756.0,12,12
Basic,G26_2,129.0,1,12
Basic,G26_4,215.0,9,12
Basic,G26_5,530.0,12,12
Basic,G26_6,873.0,12,12
Basic,G26_7,3820.0,12,12
Basic,G26_8,5539.0,12,12
Basic,G26_9,738.0,12,12
Basic,G27_10,1332.0,12,12
Basic,G27_12,3664.0,12,12
Basic,G27_13,4298.0,12,12
Basic,G27_14,4712.0,12,12
Basic,G27_15,4959.0,12,12
Basic,G27_2,129.0,1,12
Basic,G27_4,210.0,7,12
Basic,G27_5,259.0,12,12
Basic,G27_6,487.0,12,12
Basic,G27_7,3317.0,12,12
Basic,G27_8,3140.0,12,12
Basic,G27_9,273.0,12,12
Basic,G29_10,64.0,12,12
Basic,G29_12,2110.0,12,12
Basic,G29_13,2988.0,12,12
Basic,G29_14,3890.0,12,12
Basic,G29_15,4511.0,12,12
Basic,G29_4,73.0,3,12
Basic,G29_5,112.0,4,12
Basic,G29_6,251.0,10,12
Basic,G29_7,721.0,12,12
Basic,G29_8,1109.0,12,12
Basic,G29_9,1843.0,12,12
Basic,G2_10,1317.0,12,12
Basic,G2_12,2190.0,12,12
Basic,G2_13,3591.0,12,12
Basic,G2_14,4807.0,12,12
Basic,G2_15,5682.0,12,12
Basic,G2_5,241.0,2,12
Basic,G2_6,819.0,6,12
Basic,G2_7,2027.0,12,12
Basic,G2_8,1678.0,12,12
Basic,G2_9,301.0,12,12
Basic,G30_10,3441.0,12,12
Basic,G30_12,1200.0,12,12
Basic,G30_13,2200.0,12,12
Basic,G30_14,3186.0,12,12
Basic,G30_15,4335.0,12,12
Basic,G30_4,129.0,1,12
Basic,G30_5,111.0,4,12
Basic,G30_6,190.0,7,12
Basic,G30_7,285.0,11,12
Basic,G30_8,816.0,12,12
Basic,G30_9,2786.0,12,12
Basic,G32_10,2817.0,12,12
Basic,G32_12,43.0,12,12
Basic,G32_13,1045.0,12,12
Basic,G32_14,1955.0,12,12
Basic,G32_15,3170.0,12,12
Basic,G32_5,129.0,1,12
Basic,G32_6,73.0,3,12
Basic,G32_7,112.0,4,12
Basic,G32_8,220.0,10,12
Basic,G32_9,625.0,12,12
Basic,G33_12,1310.0,12,12
Basic,G33_13,30.0,12,12
Basic,G33_14,996.0,12,12
Basic,G33_15,1775.0,12,12
Basic,G33_6,129.0,1,12
Basic,G33_7,72.0,3,12
Basic,G33_8,112.0,4,12
Basic,G35_10,112.0,4,12
Basic,G35_12,567.0,12,12
Basic,G35_13,2514.0,12,12
Basic,G35_14,1211.0,12,12
Basic,G35_15,16.0,12,12
Basic,G35_8,128.0,1,12
Basic,G35_9,71.0,3,12
Basic,G36_10,81.0,2,12
Basic,G36_12,220.0,10,12
Basic,G36_13,765.0,12,12
Basic,G36_14,1476.0,12,12
Basic,G36_15,1105.0,12,12
Basic,G36_9,63.0,1,6
Basic,G38_12,80.0,2,12
Basic,G38_13,111.0,4,12
Basic,G38_14,283.0,10,12
Basic,G38_15,463.0,12,12
Basic,G39_13,80.0,2,12
Basic,G39_14,113.0,4,12
Basic,G39_15,277.0,10,12
Basic,G3_10,1989.0,12,12
Basic,G3_12,2918.0,12,12
Basic,G3_13,3912.0,12,12
Basic,G3_14,5221.0,12,12
Basic,G3_15,6494.0,12,12
Basic,G3_4,42.0,2,3
Basic,G3_5,711.0,4,12
Basic,G3_6,1529.0,11,12
Basic,G3_7,3748.0,12,12
Basic,G3_8,3293.0,12,12
Basic,G3_9,636.0,12,12
Basic,G5_10,2712.0,12,12
Basic,G5_12,193.0,12,12
Basic,G5_13,1194.0,12,12
Basic,G5_14,2357.0,12,12
Basic,G5_15,3038.0,12,12
Basic,G5_5,129.0,1,12
Basic,G5_6,110.0,4,12
Basic,G5_7,148.0,6,12
Basic,G5_8,252.0,11,12
Basic,G5_9,762.0,12,12
Basic,G6_10,531.0,12,12
Basic,G6_12,927.0,12,12
Basic,G6_13,1862.0,12,12
Basic,G6_14,2862.0,12,12
Basic,G6_15,3835.0,12,12
Basic,G6_5,81.0,2,12
Basic,G6_6,112.0,4,12
Basic,G6_7,219.0,9,12
Basic,G6_8,760.0,12,12
Basic,G6_9,638.0,12,12
Basic,G8_12,2107.0,12,12
Basic,G8_13,3228.0,12,12
Basic,G8_14,4121.0,12,12
Basic,G8_15,4683.0,12,12
Basic,G8_4,111.0,4,12
Basic,G8_5,146.0,5,12
Basic,G8_6,281.0,11,12
Basic,G8_7,371.0,12,12
Basic,G8_8,1414.0,12,12
Basic,G9_10,890.0,12,12
Basic,G9_12,2914.0,12,12
Basic,G9_13,3618.0,12,12
Basic,G9_14,4506.0,12,12
Basic,G9_15,5254.0,12,12
Basic,G9_2,3875.0,12,12
Basic,G9_4,111.0,4,12
Basic,G9_5,183.0,9,12
Basic,G9_6,849.0,12,12
Basic,G9_7,441.0,12,12
Basic,G9_8,3656.0,12,12
Basic,G9_9,12.0,12,12
Pure affinity,G0_1,111.0,4,12
Pure affinity,G0_10,282.0,10,12
Pure affinity,G0_11,178.0,9,12
Pure affinity,G0_12,247.0,8,12
Pure affinity,G0_13,233.0,7,12
Pure affinity,G0_14,1085.0,12,12
Pure affinity,G0_15,114.0,4,12
Pure affinity,G0_2,112.0,4,12
Pure affinity,G0_3,112.0,4,12
Pure affinity,G0_4,114.0,5,12
Pure affinity,G0_5,208.0,7,12
Pure affinity,G0_6,153.0,8,12
Pure affinity,G0_7,604.0,12,12
Pure affinity,G0_8,222.0,10,12
Pure affinity,G0_9,283.0,10,12
Pure affinity,G11_1,890.0,12,12
Pure affinity,G11_10,4613.0,12,12
Pure affinity,G11_2,3820.0,12,12
Pure affinity,G11_4,4453.0,12,12
Pure affinity,G11_5,5101.0,12,12
Pure affinity,G11_6,1970.0,12,12
Pure affinity,G11_7,2646.0,12,12
Pure affinity,G11_8,4205.0,12,12
Pure affinity,G11_9,4484.0,12,12
Pure affinity,G12_1,1715.0,12,12
Pure affinity,G12_10,5175.0,12,12
Pure affinity,G12_15,2761.0,12,12
Pure affinity,G12_2,3839.0,12,12
Pure affinity,G12_4,4096.0,12,12
Pure affinity,G12_5,5258.0,12,12
Pure affinity,G12_6,2140.0,12,12
Pure affinity,G12_7,3502.0,12,12
Pure affinity,G12_8,4323.0,12,12
Pure affinity,G12_9,5352.0,12,12
Pure affinity,G14_1,1591.0,12,12
Pure affinity,G14_10,5755.0,12,12
Pure affinity,G14_12,6894.0,12,12
Pure affinity,G14_13,6197.0,12,12
Pure affinity,G14_14,6462.0,12,12
Pure affinity,G14_15,6266.0,12,12
Pure affinity,G14_2,1010.0,12,12
Pure affinity,G14_4,4893.0,12,12
Pure affinity,G14_5,1730.0,12,12
Pure affinity,G14_6,3118.0,12,12
Pure affinity,G14_7,4144.0,12,12
Pure affinity,G14_8,5251.0,12,12
Pure affinity,G14_9,4915.0,12,12
Pure affinity,G15_1,2763.0,12,12
Pure affinity,G15_10,6065.0,12,12
Pure affinity,G15_12,6884.0,12,12
Pure affinity,G15_13,6463.0,12,12
Pure affinity,G15_14,6744.0,12,12
Pure affinity,G15_15,6582.0,12,12
Pure affinity,G15_2,3577.0,12,12
Pure affinity,G15_4,4784.0,12,12
Pure affinity,G15_5,2000.0,12,12
Pure affinity,G15_6,3009.0,12,12
Pure affinity,G15_7,4519.0,12,12
Pure affinity,G15_8,5358.0,12,12
Pure affinity,G15_9,6134.0,12,12
Pure affinity,G17_1,877.0,12,12
Pure affinity,G17_10,5586.0,12,12
Pure affinity,G17_12,6473.0,12,12
Pure affinity,G17_13,5933.0,12,12
Pure affinity,G17_14,6030.0,12,12
Pure affinity,G17_15,5959.0,12,12
Pure affinity,G17_2,2590.0,12,12
Pure affinity,G17_4,3066.0,12,12
Pure affinity,G17_5,1225.0,12,12
Pure affinity,G17_6,2419.0,12,12
Pure affinity,G17_7,4345.0,12,12
Pure affinity,G17_8,5380.0,12,12
Pure affinity,G17_9,5269.0,12,12
Pure affinity,G18_1,1037.0,12,12
Pure affinity,G18_10,5450.0,12,12
Pure affinity,G18_12,5928.0,12,12
Pure affinity,G18_13,6195.0,12,12
Pure affinity,G18_14,6144.0,12,12
Pure affinity,G18_15,5650.0,12,12
Pure affinity,G18_2,843.0,12,12
Pure affinity,G18_4,1736.0,12,12
Pure affinity,G18_5,1249.0,12,12
Pure affinity,G18_6,1654.0,12,12
Pure affinity,G18_7,3381.0,12,12
Pure affinity,G18_8,4841.0,12,12
Pure affinity,G18_9,5516.0,12,12
Pure affinity,G20_1,542.0,12,12
Pure affinity,G20_10,4344.0,12,12
Pure affinity,G20_12,4867.0,12,12
Pure affinity,G20_13,5137.0,12,12
Pure affinity,G20_14,4199.0,12,12
Pure affinity,G20_15,4157.0,12,12
Pure affinity,G20_2,503.0,12,12
Pure affinity,G20_4,2162.0,12,12
Pure affinity,G20_5,1968.0,12,12
Pure affinity,G20_6,2288.0,12,12
Pure affinity,G20_7,1848.0,12,12
Pure affinity,G20_8,2761.0,12,12
Pure affinity,G20_9,3762.0,12,12
Pure affinity,G21_1,458.0,12,12
Pure affinity,G21_10,3330.0,12,12
Pure affinity,G21_12,3803.0,12,12
Pure affinity,G21_13,4050.0,12,12
Pure affinity,G21_14,3394.0,12,12
Pure affinity,G21_15,2224.0,12,12
Pure affinity,G21_2,357.0,12,12
Pure affinity,G21_4,2188.0,12,12
Pure affinity,G21_5,512.0,12,12
Pure affinity,G21_6,436.0,12,12
Pure affinity,G21_7,641.0,12,12
Pure affinity,G21_8,447.0,12,12
Pure affinity,G21_9,2414.0,12,12
Pure affinity,G23_1,255.0,12,12
Pure affinity,G23_10,367.0,12,12
Pure affinity,G23_12,1217.0,12,12
Pure affinity,G23_13,1318.0,12,12
Pure affinity,G23_14,1443.0,12,12
Pure affinity,G23_15,1475.0,12,12
Pure affinity,G23_2,825.0,12,12
Pure affinity,G23_4,655.0,12,12
Pure affinity,G23_5,907.0,12,12
Pure affinity,G23_6,418.0,12,12
Pure affinity,G23_7,1256.0,12,12
Pure affinity,G23_8,1024.0,12,12
Pure affinity,G23_9,51.0,12,12
Pure affinity,G24_1,262.0,11,12
Pure affinity,G24_12,310.0,12,12
Pure affinity,G24_13,663.0,12,12
Pure affinity,G24_14,1063.0,12,12
Pure affinity,G24_15,1152.0,12,12
Pure affinity,G24_2,284.0,11,12
Pure affinity,G24_4,801.0,12,12
Pure affinity,G24_5,754.0,12,12
Pure affinity,G24_6,560.0,12,12
Pure affinity,G24_7,725.0,12,12
Pure affinity,G24_8,780.0,12,12
Pure affinity,G26_10,106.0,12,12
Pure affinity,G26_12,303.0,12,12
Pure affinity,G26_13,362.0,12,12
Pure affinity,G26_14,684.0,12,12
Pure affinity,G26_15,1253.0,12,12
Pure affinity,G26_2,145.0,5,12
Pure affinity,G26_4,181.0,9,12
Pure affinity,G26_5,276.0,11,12
Pure affinity,G26_6,248.0,11,12
Pure affinity,G26_7,262.0,12,12
Pure affinity,G26_8,349.0,12,12
Pure affinity,G26_9,512.0,12,12
Pure affinity,G27_10,219.0,10,12
Pure affinity,G27_12,206.0,9,12
Pure affinity,G27_13,145.0,12,12
Pure affinity,G27_14,562.0,12,12
Pure affinity,G27_15,788.0,12,12
Pure affinity,G27_2,111.0,4,12
Pure affinity,G27_4,150.0,6,12
Pure affinity,G27_5,189.0,7,12
Pure affinity,G27_6,243.0,7,12
Pure affinity,G27_7,264.0,9,12
Pure affinity,G27_8,209.0,9,12
Pure affinity,G27_9,244.0,10,12
Pure affinity,G28_2,112.0,4,12
Pure affinity,G29_10,114.0,4,12
Pure affinity,G29_12,114.0,4,12
Pure affinity,G29_13,2213.0,12,12
Pure affinity,G29_14,31.0,12,12
Pure affinity,G29_15,434.0,12,12
Pure affinity,G29_2,73.0,3,12
Pure affinity,G29_4,112.0,4,12
Pure affinity,G29_5,112.0,4,12
Pure affinity,G29_6,113.0,4,12
Pure affinity,G29_7,114.0,4,12
Pure affinity,G29_8,114.0,4,12
Pure affinity,G29_9,114.0,4,12
Pure affinity,G2_10,3728.0,12,12
Pure affinity,G2_12,594.0,12,12
Pure affinity,G2_13,3512.0,12,12
Pure affinity,G2_14,2727.0,12,12
Pure affinity,G2_15,2148.0,12,12
Pure affinity,G2_5,42.0,2,3
Pure affinity,G2_6,239.0,2,12
Pure affinity,G2_7,819.0,6,12
Pure affinity,G2_8,1531.0,11,12
Pure affinity,G2_9,2046.0,12,12
Pure affinity,G30_10,112.0,4,12
Pure affinity,G30_12,112.0,4,12
Pure affinity,G30_13,26.0,12,12
Pure affinity,G30_14,38.0,12,12
Pure affinity,G30_15,113.0,12,12
Pure affinity,G30_2,72.0,3,12
Pure affinity,G30_4,73.0,3,12
Pure affinity,G30_5,96.0,4,12
Pure affinity,G30_6,111.0,4,12
Pure affinity,G30_7,112.0,4,12
Pure affinity,G30_8,112.0,4,12
Pure affinity,G30_9,111.0,4,12
Pure affinity,G31_2,129.0,1,12
Pure affinity,G32_10,81.0,2,12
Pure affinity,G32_12,80.0,2,12
Pure affinity,G32_13,120.0,2,12
Pure affinity,G32_14,129.0,1,12
Pure affinity,G32_15,129.0,1,12
Pure affinity,G32_2,128.0,1,12
Pure affinity,G32_4,129.0,1,12
Pure affinity,G32_5,129.0,1,12
Pure affinity,G32_6,80.0,2,12
Pure affinity,G32_7,81.0,2,12
Pure affinity,G32_8,72.0,3,12
Pure affinity,G32_9,74.0,3,12
Pure affinity,G33_12,129.0,1,12
Pure affinity,G33_13,129.0,1,12
Pure affinity,G33_5,63.0,1,6
Pure affinity,G33_6,129.0,1,12
Pure affinity,G33_7,129.0,1,12
Pure affinity,G33_8,129.0,1,12
Pure affinity,G3_10,3897.0,12,12
Pure affinity,G3_12,4923.0,12,12
Pure affinity,G3_13,5592.0,12,12
Pure affinity,G3_14,5232.0,12,12
Pure affinity,G3_15,6494.0,12,12
Pure affinity,G3_4,709.0,4,12
Pure affinity,G3_5,1850.0,12,12
Pure affinity,G3_6,3376.0,12,12
Pure affinity,G3_7,340.0,12,12
Pure affinity,G3_8,1349.0,12,12
Pure affinity,G3_9,2337.0,12,12
Pure affinity,G5_1,304.0,12,12
Pure affinity,G5_10,831.0,12,12
Pure affinity,G5_12,1184.0,12,12
Pure affinity,G5_13,1813.0,12,12
Pure affinity,G5_14,1842.0,12,12
Pure affinity,G5_15,1325.0,12,12
Pure affinity,G5_2,1691.0,12,12
Pure affinity,G5_4,783.0,12,12
Pure affinity,G5_5,769.0,12,12
Pure affinity,G5_6,3011.0,12,12
Pure affinity,G5_7,2656.0,12,12
Pure affinity,G5_8,425.0,12,12
Pure affinity,G5_9,3128.0,12,12
Pure affinity,G6_1,930.0,12,12
Pure affinity,G6_10,918.0,12,12
Pure affinity,G6_12,1874.0,12,12
Pure affinity,G6_13,2092.0,12,12
Pure affinity,G6_14,2371.0,12,12
Pure affinity,G6_15,2179.0,12,12
Pure affinity,G6_2,565.0,12,12
Pure affinity,G6_4,1365.0,12,12
Pure affinity,G6_5,844.0,12,12
Pure affinity,G6_6,3706.0,12,12
Pure affinity,G6_7,3429.0,12,12
Pure affinity,G6_8,1377.0,12,12
Pure affinity,G6_9,630.0,12,12
Pure affinity,G8_12,2584.0,12,12
Pure affinity,G8_13,3336.0,12,12
Pure affinity,G8_14,2997.0,12,12
Pure affinity,G8_15,2762.0,12,12
Pure affinity,G8_4,599.0,12,12
Pure affinity,G8_5,1559.0,12,12
Pure affinity,G8_6,2276.0,12,12
Pure affinity,G8_7,3729.0,12,12
Pure affinity,G8_8,2651.0,12,12
Pure affinity,G9_10,3626.0,12,12
Pure affinity,G9_12,3802.0,12,12
Pure affinity,G9_13,3713.0,12,12
Pure affinity,G9_14,3764.0,12,12
Pure affinity,G9_15,3118.0,12,12
Pure affinity,G9_2,3612.0,12,12
Pure affinity,G9_4,2105.0,12,12
Pure affinity,G9_5,3553.0,12,12
Pure affinity,G9_6,3621.0,12,12
Pure affinity,G9_7,1576.0,12,12
Pure affinity,G9_8,2305.0,12,12
Pure affinity,G9_9,2893.0,12,12
Traffic aware - zone balance off,G0_0,1291.0,6,6
Traffic aware - zone balance off,G0_1,514.0,6,8
Traffic aware - zone balance off,G0_10,1439.0,9,10
Traffic aware - zone balance off,G0_11,1818.0,7,7
Traffic aware - zone balance off,G0_12,1930.0,8,10
Traffic aware - zone balance off,G0_13,1987.0,11,11
Traffic aware - zone balance off,G0_14,2133.0,6,8
Traffic aware - zone balance off,G0_15,2247.0,8,10
Traffic aware - zone balance off,G0_2,590.0,8,9
Traffic aware - zone balance off,G0_3,601.0,8,8
Traffic aware - zone balance off,G0_4,760.0,10,10
Traffic aware - zone balance off,G0_5,791.0,8,9
Traffic aware - zone balance off,G0_6,883.0,10,10
Traffic aware - zone balance off,G0_7,994.0,8,8
Traffic aware - zone balance off,G0_8,1229.0,6,7
Traffic aware - zone balance off,G0_9,1272.0,8,10
Traffic aware - zone balance off,G11_1,1243.0,7,7
Traffic aware - zone balance off,G11_10,2950.0,9,10
Traffic aware - zone balance off,G11_12,3073.0,11,12
Traffic aware - zone balance off,G11_13,3397.0,6,7
Traffic aware - zone balance off,G11_14,3739.0,10,11
Traffic aware - zone balance off,G11_15,3953.0,11,11
Traffic aware - zone balance off,G11_2,1502.0,8,9
Traffic aware - zone balance off,G11_4,1915.0,9,11
Traffic aware - zone balance off,G11_5,2161.0,9,9
Traffic aware - zone balance off,G11_6,2164.0,8,10
Traffic aware - zone balance off,G11_7,2468.0,9,10
Traffic aware - zone balance off,G11_8,2500.0,10,10
Traffic aware - zone balance off,G11_9,2592.0,9,10
Traffic aware - zone balance off,G12_1,1345.0,8,8
Traffic aware - zone balance off,G12_10,2912.0,8,9
Traffic aware - zone balance off,G12_12,3188.0,9,9
Traffic aware - zone balance off,G12_13,3433.0,10,10
Traffic aware - zone balance off,G12_14,3513.0,10,11
Traffic aware - zone balance off,G12_15,2326.0,12,12
Traffic aware - zone balance off,G12_2,1666.0,8,9
Traffic aware - zone balance off,G12_4,1971.0,9,10
Traffic aware - zone balance off,G12_5,2221.0,6,10
Traffic aware - zone balance off,G12_6,2416.0,9,9
Traffic aware - zone balance off,G12_7,2579.0,7,8
Traffic aware - zone balance off,G12_8,2609.0,8,9
Traffic aware - zone balance off,G12_9,3034.0,11,11
Traffic aware - zone balance off,G14_1,1407.0,9,9
Traffic aware - zone balance off,G14_10,3044.0,8,8
Traffic aware - zone balance off,G14_12,3402.0,12,12
Traffic aware - zone balance off,G14_13,3513.0,12,12
Traffic aware - zone balance off,G14_14,3760.0,10,10
Traffic aware - zone balance off,G14_15,4194.0,10,10
Traffic aware - zone balance off,G14_2,1748.0,8,11
Traffic aware - zone balance off,G14_4,2013.0,8,8
Traffic aware - zone balance off,G14_5,2169.0,10,10
Traffic aware - zone balance off,G14_6,2392.0,8,8
Traffic aware - zone balance off,G14_7,2401.0,8,10
Traffic aware - zone balance off,G14_8,2625.0,11,11
Traffic aware - zone balance off,G14_9,2897.0,10,10
Traffic aware - zone balance off,G15_1,1583.0,8,9
Traffic aware - zone balance off,G15_10,3546.0,11,12
Traffic aware - zone balance off,G15_12,3547.0,10,10
Traffic aware - zone balance off,G15_13,3621.0,9,10
Traffic aware - zone balance off,G15_14,4069.0,10,10
Traffic aware - zone balance off,G15_15,4564.0,9,9
Traffic aware - zone balance off,G15_2,1838.0,8,10
Traffic aware - zone balance off,G15_4,2129.0,12,12
Traffic aware - zone balance off,G15_5,2285.0,8,9
Traffic aware - zone balance off,G15_6,2443.0,8,9
Traffic aware - zone balance off,G15_7,2601.0,9,9
Traffic aware - zone balance off,G15_8,2600.0,8,8
Traffic aware - zone balance off,G15_9,3037.0,7,8
Traffic aware - zone balance off,G17_1,1734.0,9,9
Traffic aware - zone balance off,G17_10,3195.0,9,11
Traffic aware - zone balance off,G17_12,3672.0,8,9
Traffic aware - zone balance off,G17_13,3644.0,9,9
Traffic aware - zone balance off,G17_14,4018.0,10,10
Traffic aware - zone balance off,G17_15,4555.0,10,10
Traffic aware - zone balance off,G17_2,1899.0,8,8
Traffic aware - zone balance off,G17_4,2160.0,8,9
Traffic aware - zone balance off,G17_5,2226.0,9,11
Traffic aware - zone balance off,G17_6,2463.0,10,10
Traffic aware - zone balance off,G17_7,2906.0,10,10
Traffic aware - zone balance off,G17_8,2811.0,10,10
Traffic aware - zone balance off,G17_9,3024.0,7,8
Traffic aware - zone balance off,G18_1,1593.0,10,10
Traffic aware - zone balance off,G18_10,3121.0,9,10
Traffic aware - zone balance off,G18_12,3630.0,10,10
Traffic aware - zone balance off,G18_13,3766.0,9,10
Traffic aware - zone balance off,G18_14,4429.0,9,10
Traffic aware - zone balance off,G18_15,4231.0,11,12
Traffic aware - zone balance off,G18_2,1797.0,9,10
Traffic aware - zone balance off,G18_4,2211.0,11,12
Traffic aware - zone balance off,G18_5,2318.0,9,11
Traffic aware - zone balance off,G18_6,2556.0,7,8
Traffic aware - zone balance off,G18_7,2493.0,10,10
Traffic aware - zone balance off,G18_8,2659.0,9,9
Traffic aware - zone balance off,G18_9,2956.0,9,9
Traffic aware - zone balance off,G20_1,1572.0,10,11
Traffic aware - zone balance off,G20_10,2999.0,10,11
Traffic aware - zone balance off,G20_12,3634.0,10,11
Traffic aware - zone balance off,G20_13,3746.0,10,11
Traffic aware - zone balance off,G20_14,3923.0,10,10
Traffic aware - zone balance off,G20_15,4270.0,10,10
Traffic aware - zone balance off,G20_2,1765.0,8,10
Traffic aware - zone balance off,G20_4,2114.0,8,9
Traffic aware - zone balance off,G20_5,2239.0,10,10
Traffic aware - zone balance off,G20_6,2398.0,8,10
Traffic aware - zone balance off,G20_7,2490.0,9,9
Traffic aware - zone balance off,G20_8,2686.0,11,11
Traffic aware - zone balance off,G20_9,2761.0,11,11
Traffic aware - zone balance off,G21_1,1559.0,9,11
Traffic aware - zone balance off,G21_10,3144.0,9,10
Traffic aware - zone balance off,G21_12,3372.0,10,10
Traffic aware - zone balance off,G21_13,3683.0,11,12
Traffic aware - zone balance off,G21_14,3885.0,12,12
Traffic aware - zone balance off,G21_15,4055.0,10,10
Traffic aware - zone balance off,G21_2,1783.0,9,9
Traffic aware - zone balance off,G21_4,2024.0,10,10
Traffic aware - zone balance off,G21_5,2198.0,8,8
Traffic aware - zone balance off,G21_6,2459.0,10,10
Traffic aware - zone balance off,G21_7,2389.0,10,10
Traffic aware - zone balance off,G21_8,2587.0,9,10
Traffic aware - zone balance off,G21_9,3210.0,10,11
Traffic aware - zone balance off,G23_1,1480.0,10,10
Traffic aware - zone balance off,G23_10,2959.0,11,11
Traffic aware - zone balance off,G23_12,3229.0,11,12
Traffic aware - zone balance off,G23_13,3655.0,11,12
Traffic aware - zone balance off,G23_14,3697.0,9,9
Traffic aware - zone balance off,G23_15,4110.0,11,12
Traffic aware - zone balance off,G23_2,1682.0,8,8
Traffic aware - zone balance off,G23_4,2023.0,8,9
Traffic aware - zone balance off,G23_5,2092.0,9,10
Traffic aware - zone balance off,G23_6,2359.0,11,11
Traffic aware - zone balance off,G23_7,2486.0,9,9
Traffic aware - zone balance off,G23_8,2476.0,8,8
Traffic aware - zone balance off,G23_9,2737.0,11,11
Traffic aware - zone balance off,G24_1,1392.0,8,9
Traffic aware - zone balance off,G24_12,3286.0,7,7
Traffic aware - zone balance off,G24_13,3472.0,11,11
Traffic aware - zone balance off,G24_14,3795.0,9,10
Traffic aware - zone balance off,G24_15,4107.0,12,12
Traffic aware - zone balance off,G24_2,1524.0,10,10
Traffic aware - zone balance off,G24_4,1969.0,9,10
Traffic aware - zone balance off,G24_5,2083.0,7,7
Traffic aware - zone balance off,G24_6,2289.0,8,8
Traffic aware - zone balance off,G24_7,2433.0,11,11
Traffic aware - zone balance off,G24_8,2685.0,9,9
Traffic aware - zone balance off,G26_10,2756.0,8,8
Traffic aware - zone balance off,G26_12,3191.0,12,12
Traffic aware - zone balance off,G26_13,3179.0,10,11
Traffic aware - zone balance off,G26_14,3592.0,11,11
Traffic aware - zone balance off,G26_15,3846.0,10,10
Traffic aware - zone balance off,G26_2,1380.0,9,9
Traffic aware - zone balance off,G26_4,1763.0,9,10
Traffic aware - zone balance off,G26_5,1992.0,9,9
Traffic aware - zone balance off,G26_6,2014.0,9,9
Traffic aware - zone balance off,G26_7,2197.0,9,9
Traffic aware - zone balance off,G26_8,2478.0,10,11
Traffic aware - zone balance off,G26_9,2653.0,10,10
Traffic aware - zone balance off,G27_10,2685.0,9,9
Traffic aware - zone balance off,G27_12,2942.0,9,9
Traffic aware - zone balance off,G27_13,3146.0,8,11
Traffic aware - zone balance off,G27_14,3408.0,11,12
Traffic aware - zone balance off,G27_15,3610.0,10,10
Traffic aware - zone balance off,G27_2,1368.0,9,9
Traffic aware - zone balance off,G27_4,1760.0,10,10
Traffic aware - zone balance off,G27_5,1899.0,8,8
Traffic aware - zone balance off,G27_6,2121.0,12,12
Traffic aware - zone balance off,G27_7,2176.0,9,9
Traffic aware - zone balance off,G27_8,2397.0,8,8
Traffic aware - zone balance off,G27_9,2397.0,10,12
Traffic aware - zone balance off,G28_2,1303.0,9,10
Traffic aware - zone balance off,G29_10,2469.0,8,8
Traffic aware - zone balance off,G29_12,2706.0,11,11
Traffic aware - zone balance off,G29_13,2934.0,10,10
Traffic aware - zone balance off,G29_14,3100.0,12,12
Traffic aware - zone balance off,G29_15,3175.0,9,9
Traffic aware - zone balance off,G29_2,1230.0,9,10
Traffic aware - zone balance off,G29_4,1485.0,7,10
Traffic aware - zone balance off,G29_5,1755.0,12,12
Traffic aware - zone balance off,G29_6,1856.0,9,9
Traffic aware - zone balance off,G29_7,2064.0,9,10
Traffic aware - zone balance off,G29_8,2284.0,7,9
Traffic aware - zone balance off,G29_9,2514.0,11,11
Traffic aware - zone balance off,G2_1,1448.0,4,4
Traffic aware - zone balance off,G2_10,2993.0,9,9
Traffic aware - zone balance off,G2_12,3131.0,10,11
Traffic aware - zone balance off,G2_13,3469.0,8,9
Traffic aware - zone balance off,G2_14,3659.0,8,8
Traffic aware - zone balance off,G2_15,3864.0,8,8
Traffic aware - zone balance off,G2_2,1417.0,10,10
Traffic aware - zone balance off,G2_4,1779.0,7,7
Traffic aware - zone balance off,G2_5,1525.0,6,6
Traffic aware - zone balance off,G2_6,1829.0,7,9
Traffic aware - zone balance off,G2_7,1943.0,7,7
Traffic aware - zone balance off,G2_8,1856.0,7,7
Traffic aware - zone balance off,G2_9,2606.0,8,9
Traffic aware - zone balance off,G30_10,2309.0,7,9
Traffic aware - zone balance off,G30_12,2653.0,9,9
Traffic aware - zone balance off,G30_13,2863.0,10,11
Traffic aware - zone balance off,G30_14,2895.0,9,10
Traffic aware - zone balance off,G30_15,3204.0,12,12
Traffic aware - zone balance off,G30_2,1217.0,8,8
Traffic aware - zone balance off,G30_4,1238.0,9,10
Traffic aware - zone balance off,G30_5,1593.0,9,9
Traffic aware - zone balance off,G30_6,1776.0,8,10
Traffic aware - zone balance off,G30_7,1894.0,10,11
Traffic aware - zone balance off,G30_8,2239.0,8,9
Traffic aware - zone balance off,G30_9,2301.0,7,8
Traffic aware - zone balance off,G31_2,984.0,6,6
Traffic aware - zone balance off,G32_10,2093.0,9,9
Traffic aware - zone balance off,G32_12,2564.0,10,11
Traffic aware - zone balance off,G32_13,2784.0,6,8
Traffic aware - zone balance off,G32_14,2764.0,10,11
Traffic aware - zone balance off,G32_15,3115.0,11,11
Traffic aware - zone balance off,G32_2,959.0,8,9
Traffic aware - zone balance off,G32_4,1186.0,9,9
Traffic aware - zone balance off,G32_5,1218.0,10,10
Traffic aware - zone balance off,G32_6,1514.0,5,5
Traffic aware - zone balance off,G32_7,1670.0,10,10
Traffic aware - zone balance off,G32_8,1898.0,11,11
Traffic aware - zone balance off,G32_9,2051.0,12,12
Traffic aware - zone balance off,G33_12,2256.0,10,12
Traffic aware - zone balance off,G33_13,2512.0,8,9
Traffic aware - zone balance off,G33_14,2653.0,7,8
Traffic aware - zone balance off,G33_15,2763.0,10,10
Traffic aware - zone balance off,G33_2,914.0,8,9
Traffic aware - zone balance off,G33_4,1193.0,7,8
Traffic aware - zone balance off,G33_5,1182.0,8,9
Traffic aware - zone balance off,G33_6,1237.0,8,8
Traffic aware - zone balance off,G33_7,1503.0,11,11
Traffic aware - zone balance off,G33_8,1652.0,8,8
Traffic aware - zone balance off,G34_2,814.0,12,12
Traffic aware - zone balance off,G35_10,1615.0,8,8
Traffic aware - zone balance off,G35_12,2180.0,8,8
Traffic aware - zone balance off,G35_13,2101.0,10,10
Traffic aware - zone balance off,G35_14,2375.0,10,10
Traffic aware - zone balance off,G35_15,2446.0,10,10
Traffic aware - zone balance off,G35_2,686.0,7,7
Traffic aware - zone balance off,G35_4,841.0,6,8
Traffic aware - zone balance off,G35_5,933.0,7,7
Traffic aware - zone balance off,G35_6,1127.0,9,9
Traffic aware - zone balance off,G35_7,1147.0,7,8
Traffic aware - zone balance off,G35_8,1246.0,8,9
Traffic aware - zone balance off,G35_9,1453.0,10,11
Traffic aware - zone balance off,G36_10,1452.0,7,8
Traffic aware - zone balance off,G36_12,1964.0,9,10
Traffic aware - zone balance off,G36_13,2041.0,8,8
Traffic aware - zone balance off,G36_14,2300.0,9,11
Traffic aware - zone balance off,G36_15,2335.0,8,9
Traffic aware - zone balance off,G36_2,624.0,7,9
Traffic aware - zone balance off,G36_4,766.0,7,8
Traffic aware - zone balance off,G36_5,849.0,7,7
Traffic aware - zone balance off,G36_6,946.0,9,10
Traffic aware - zone balance off,G36_7,1573.0,9,11
Traffic aware - zone balance off,G36_8,1177.0,8,8
Traffic aware - zone balance off,G36_9,1254.0,9,10
Traffic aware - zone balance off,G37_2,582.0,4,5
Traffic aware - zone balance off,G38_10,1245.0,8,9
Traffic aware - zone balance off,G38_12,1439.0,8,8
Traffic aware - zone balance off,G38_13,1661.0,9,10
Traffic aware - zone balance off,G38_14,1855.0,10,11
Traffic aware - zone balance off,G38_15,1994.0,11,11
Traffic aware - zone balance off,G38_2,394.0,8,10
Traffic aware - zone balance off,G38_4,573.0,7,7
Traffic aware - zone balance off,G38_5,694.0,9,9
Traffic aware - zone balance off,G38_6,843.0,6,7
Traffic aware - zone balance off,G38_7,894.0,7,8
Traffic aware - zone balance off,G38_8,970.0,7,8
Traffic aware - zone balance off,G38_9,1048.0,10,11
Traffic aware - zone balance off,G39_10,986.0,8,8
Traffic aware - zone balance off,G39_12,1295.0,6,6
Traffic aware - zone balance off,G39_13,1409.0,8,10
Traffic aware - zone balance off,G39_14,1663.0,10,12
Traffic aware - zone balance off,G39_15,1838.0,10,10
Traffic aware - zone balance off,G39_2,408.0,6,7
Traffic aware - zone balance off,G39_4,497.0,8,8
Traffic aware - zone balance off,G39_5,559.0,9,9
Traffic aware - zone balance off,G39_6,643.0,8,9
Traffic aware - zone balance off,G39_7,770.0,6,7
Traffic aware - zone balance off,G39_8,825.0,8,8
Traffic aware - zone balance off,G39_9,927.0,10,11
Traffic aware - zone balance off,G3_1,1369.0,7,8
Traffic aware - zone balance off,G3_10,2675.0,9,10
Traffic aware - zone balance off,G3_12,3156.0,9,10
Traffic aware - zone balance off,G3_13,3273.0,10,10
Traffic aware - zone balance off,G3_14,3635.0,8,8
Traffic aware - zone balance off,G3_15,3951.0,8,8
Traffic aware - zone balance off,G3_2,1487.0,7,7
Traffic aware - zone balance off,G3_4,1506.0,6,6
Traffic aware - zone balance off,G3_5,1655.0,10,10
Traffic aware - zone balance off,G3_6,2097.0,9,9
Traffic aware - zone balance off,G3_7,2212.0,8,10
Traffic aware - zone balance off,G3_8,2627.0,9,9
Traffic aware - zone balance off,G3_9,2460.0,9,9
Traffic aware - zone balance off,G40_2,346.0,7,7
Traffic aware - zone balance off,G5_1,844.0,9,10
Traffic aware - zone balance off,G5_10,2067.0,12,12
Traffic aware - zone balance off,G5_12,2481.0,9,9
Traffic aware - zone balance off,G5_13,2734.0,8,10
Traffic aware - zone balance off,G5_14,3104.0,9,9
Traffic aware - zone balance off,G5_15,2949.0,10,12
Traffic aware - zone balance off,G5_2,963.0,8,9
Traffic aware - zone balance off,G5_4,1296.0,6,8
Traffic aware - zone balance off,G5_5,1253.0,7,9
Traffic aware - zone balance off,G5_6,1508.0,8,8
Traffic aware - zone balance off,G5_7,1676.0,11,11
Traffic aware - zone balance off,G5_8,1955.0,9,10
Traffic aware - zone balance off,G5_9,2170.0,8,10
Traffic aware - zone balance off,G6_1,958.0,7,10
Traffic aware - zone balance off,G6_10,2101.0,8,9
Traffic aware - zone balance off,G6_12,2606.0,10,10
Traffic aware - zone balance off,G6_13,2719.0,10,10
Traffic aware - zone balance off,G6_14,2974.0,10,10
Traffic aware - zone balance off,G6_15,3053.0,9,9
Traffic aware - zone balance off,G6_2,1056.0,11,11
Traffic aware - zone balance off,G6_4,1209.0,7,8
Traffic aware - zone balance off,G6_5,1401.0,7,8
Traffic aware - zone balance off,G6_6,1692.0,11,12
Traffic aware - zone balance off,G6_7,1900.0,6,6
Traffic aware - zone balance off,G6_8,2014.0,11,11
Traffic aware - zone balance off,G6_9,2207.0,10,11
Traffic aware - zone balance off,G8_12,3003.0,7,8
Traffic aware - zone balance off,G8_13,3166.0,10,10
Traffic aware - zone balance off,G8_14,3291.0,9,9
Traffic aware - zone balance off,G8_15,3295.0,7,9
Traffic aware - zone balance off,G8_2,2016.0,9,9
Traffic aware - zone balance off,G8_4,1500.0,9,9
Traffic aware - zone balance off,G8_5,1722.0,7,9
Traffic aware - zone balance off,G8_6,2029.0,8,8
Traffic aware - zone balance off,G8_7,2089.0,8,10
Traffic aware - zone balance off,G8_8,2202.0,9,9
Traffic aware - zone balance off,G9_1,1781.0,10,10
Traffic aware - zone balance off,G9_10,2489.0,11,11
Traffic aware - zone balance off,G9_12,2845.0,9,10
Traffic aware - zone balance off,G9_13,2997.0,9,9
Traffic aware - zone balance off,G9_14,3506.0,7,11
Traffic aware - zone balance off,G9_15,3664.0,9,10
Traffic aware - zone balance off,G9_2,3850.0,12,12
Traffic aware - zone balance off,G9_4,1576.0,8,9
Traffic aware - zone balance off,G9_5,1896.0,12,12
Traffic aware - zone balance off,G9_6,1907.0,8,8
Traffic aware - zone balance off,G9_7,2126.0,10,10
Traffic aware - zone balance off,G9_8,2287.0,9,9
Traffic aware - zone balance off,G9_9,2595.0,8,12
Traffic aware - zone balance on,G0_0,1199.0,6,6
Traffic aware - zone balance on,G0_1,602.0,7,8
Traffic aware - zone balance on,G0_10,2614.0,11,12
Traffic aware - zone balance on,G0_11,2569.0,9,11
Traffic aware - zone balance on,G0_12,2742.0,12,12
Traffic aware - zone balance on,G0_13,2918.0,10,10
Traffic aware - zone balance on,G0_14,3442.0,11,11
Traffic aware - zone balance on,G0_15,4078.0,9,9
Traffic aware - zone balance on,G0_2,627.0,9,9
Traffic aware - zone balance on,G0_3,920.0,9,10
Traffic aware - zone balance on,G0_4,1173.0,9,10
Traffic aware - zone balance on,G0_5,1373.0,10,11
Traffic aware - zone balance on,G0_6,1759.0,10,11
Traffic aware - zone balance on,G0_7,2630.0,8,8
Traffic aware - zone balance on,G0_8,2355.0,10,10
Traffic aware - zone balance on,G0_9,2596.0,10,11
Traffic aware - zone balance on,G11_1,2172.0,7,8
Traffic aware - zone balance on,G11_10,3507.0,10,11
Traffic aware - zone balance on,G11_12,992.0,9,10
Traffic aware - zone balance on,G11_13,2668.0,10,11
Traffic aware - zone balance on,G11_14,3054.0,11,11
Traffic aware - zone balance on,G11_15,3114.0,10,10
Traffic aware - zone balance on,G11_2,2681.0,9,9
Traffic aware - zone balance on,G11_4,960.0,10,10
Traffic aware - zone balance on,G11_5,1290.0,9,9
Traffic aware - zone balance on,G11_6,1719.0,10,10
Traffic aware - zone balance on,G11_7,2101.0,9,12
Traffic aware - zone balance on,G11_8,2594.0,8,11
Traffic aware - zone balance on,G11_9,2742.0,9,10
Traffic aware - zone balance on,G12_1,2195.0,10,11
Traffic aware - zone balance on,G12_10,3933.0,10,10
Traffic aware - zone balance on,G12_12,1899.0,11,11
Traffic aware - zone balance on,G12_13,2894.0,7,8
Traffic aware - zone balance on,G12_14,2926.0,9,11
Traffic aware - zone balance on,G12_15,2332.0,12,12
Traffic aware - zone balance on,G12_2,2660.0,9,10
Traffic aware - zone balance on,G12_4,1054.0,10,10
Traffic aware - zone balance on,G12_5,1318.0,6,10
Traffic aware - zone balance on,G12_6,2062.0,8,8
Traffic aware - zone balance on,G12_7,2364.0,9,11
Traffic aware - zone balance on,G12_8,2737.0,8,9
Traffic aware - zone balance on,G12_9,3050.0,9,11
Traffic aware - zone balance on,G14_1,1702.0,8,8
Traffic aware - zone balance on,G14_10,3534.0,11,11
Traffic aware - zone balance on,G14_12,901.0,7,8
Traffic aware - zone balance on,G14_13,1646.0,5,6
Traffic aware - zone balance on,G14_14,2324.0,11,11
Traffic aware - zone balance on,G14_15,2577.0,9,11
Traffic aware - zone balance on,G14_2,2879.0,12,12
Traffic aware - zone balance on,G14_4,755.0,8,10
Traffic aware - zone balance on,G14_5,1368.0,7,9
Traffic aware - zone balance on,G14_6,1969.0,9,9
Traffic aware - zone balance on,G14_7,2128.0,9,9
Traffic aware - zone balance on,G14_8,2675.0,8,8
Traffic aware - zone balance on,G14_9,3356.0,10,10
Traffic aware - zone balance on,G15_1,2096.0,7,7
Traffic aware - zone balance on,G15_10,4738.0,10,10
Traffic aware - zone balance on,G15_12,1249.0,9,10
Traffic aware - zone balance on,G15_13,2042.0,11,12
Traffic aware - zone balance on,G15_14,2279.0,8,11
Traffic aware - zone balance on,G15_15,2976.0,9,9
Traffic aware - zone balance on,G15_2,4111.0,10,10
Traffic aware - zone balance on,G15_4,927.0,7,7
Traffic aware - zone balance on,G15_5,1293.0,10,11
Traffic aware - zone balance on,G15_6,2076.0,11,11
Traffic aware - zone balance on,G15_7,2682.0,8,9
Traffic aware - zone balance on,G15_8,3368.0,9,10
Traffic aware - zone balance on,G15_9,3466.0,8,9
Traffic aware - zone balance on,G17_1,1577.0,10,10
Traffic aware - zone balance on,G17_10,4117.0,12,12
Traffic aware - zone balance on,G17_12,770.0,10,10
Traffic aware - zone balance on,G17_13,1438.0,10,10
Traffic aware - zone balance on,G17_14,3328.0,8,9
Traffic aware - zone balance on,G17_15,4637.0,7,7
Traffic aware - zone balance on,G17_2,2351.0,11,11
Traffic aware - zone balance on,G17_4,438.0,7,7
Traffic aware - zone balance on,G17_5,1068.0,6,7
Traffic aware - zone balance on,G17_6,1641.0,10,10
Traffic aware - zone balance on,G17_7,2755.0,9,9
Traffic aware - zone balance on,G17_8,2899.0,10,11
Traffic aware - zone balance on,G17_9,3043.0,6,10
Traffic aware - zone balance on,G18_1,1341.0,7,8
Traffic aware - zone balance on,G18_10,3167.0,8,8
Traffic aware - zone balance on,G18_12,334.0,6,6
Traffic aware - zone balance on,G18_13,1356.0,9,9
Traffic aware - zone balance on,G18_14,1741.0,7,7
Traffic aware - zone balance on,G18_15,3358.0,10,10
Traffic aware - zone balance on,G18_2,3350.0,10,10
Traffic aware - zone balance on,G18_4,907.0,7,8
Traffic aware - zone balance on,G18_5,1355.0,8,8
Traffic aware - zone balance on,G18_6,1610.0,9,10
Traffic aware - zone balance on,G18_7,2148.0,9,9
Traffic aware - zone balance on,G18_8,2918.0,11,11
Traffic aware - zone balance on,G18_9,3038.0,10,10
Traffic aware - zone balance on,G20_1,1474.0,8,10
Traffic aware - zone balance on,G20_10,3943.0,10,10
Traffic aware - zone balance on,G20_12,2324.0,8,9
Traffic aware - zone balance on,G20_13,2658.0,10,10
Traffic aware - zone balance on,G20_14,2967.0,10,10
Traffic aware - zone balance on,G20_15,3618.0,11,11
Traffic aware - zone balance on,G20_2,2501.0,9,10
Traffic aware - zone balance on,G20_4,257.0,8,9
Traffic aware - zone balance on,G20_5,1207.0,8,8
Traffic aware - zone balance on,G20_6,1558.0,7,8
Traffic aware - zone balance on,G20_7,2312.0,11,11
Traffic aware - zone balance on,G20_8,2182.0,11,12
Traffic aware - zone balance on,G20_9,3328.0,11,11
Traffic aware - zone balance on,G21_1,2018.0,5,6
Traffic aware - zone balance on,G21_10,3197.0,8,9
Traffic aware - zone balance on,G21_12,2058.0,9,10
Traffic aware - zone balance on,G21_13,2482.0,9,10
Traffic aware - zone balance on,G21_14,2575.0,10,11
Traffic aware - zone balance on,G21_15,2979.0,9,10
Traffic aware - zone balance on,G21_2,2547.0,9,12
Traffic aware - zone balance on,G21_4,955.0,8,10
Traffic aware - zone balance on,G21_5,1268.0,8,10
Traffic aware - zone balance on,G21_6,1763.0,7,7
Traffic aware - zone balance on,G21_7,2145.0,10,12
Traffic aware - zone balance on,G21_8,2497.0,10,10
Traffic aware - zone balance on,G21_9,3013.0,11,11
Traffic aware - zone balance on,G23_1,1743.0,9,10
Traffic aware - zone balance on,G23_10,3151.0,8,11
Traffic aware - zone balance on,G23_12,1726.0,10,11
Traffic aware - zone balance on,G23_13,2220.0,9,10
Traffic aware - zone balance on,G23_14,2422.0,8,8
Traffic aware - zone balance on,G23_15,4762.0,10,10
Traffic aware - zone balance on,G23_2,2159.0,11,12
Traffic aware - zone balance on,G23_4,774.0,8,9
Traffic aware - zone balance on,G23_5,1793.0,9,9
Traffic aware - zone balance on,G23_6,2331.0,9,9
Traffic aware - zone balance on,G23_7,2609.0,9,9
Traffic aware - zone balance on,G23_8,3205.0,10,11
Traffic aware - zone balance on,G23_9,2929.0,10,10
Traffic aware - zone balance on,G24_1,1665.0,9,9
Traffic aware - zone balance on,G24_12,1161.0,7,7
Traffic aware - zone balance on,G24_13,1773.0,7,8
Traffic aware - zone balance on,G24_14,2353.0,9,10
Traffic aware - zone balance on,G24_15,3097.0,10,10
Traffic aware - zone balance on,G24_2,2095.0,8,8
Traffic aware - zone balance on,G24_4,669.0,5,8
Traffic aware - zone balance on,G24_5,1323.0,8,9
Traffic aware - zone balance on,G24_6,2212.0,8,8
Traffic aware - zone balance on,G24_7,2449.0,10,10
Traffic aware - zone balance on,G24_8,2504.0,10,11
Traffic aware - zone balance on,G26_10,4039.0,9,10
Traffic aware - zone balance on,G26_12,1786.0,6,9
Traffic aware - zone balance on,G26_13,2136.0,9,11
Traffic aware - zone balance on,G26_14,2833.0,10,11
Traffic aware - zone balance on,G26_15,3299.0,9,9
Traffic aware - zone balance on,G26_2,3808.0,11,12
Traffic aware - zone balance on,G26_4,1014.0,12,12
Traffic aware - zone balance on,G26_5,2193.0,11,11
Traffic aware - zone balance on,G26_6,2382.0,9,9
Traffic aware - zone balance on,G26_7,2710.0,8,8
Traffic aware - zone balance on,G26_8,3184.0,10,10
Traffic aware - zone balance on,G26_9,3356.0,9,10
Traffic aware - zone balance on,G27_10,3631.0,9,9
Traffic aware - zone balance on,G27_12,1149.0,8,8
Traffic aware - zone balance on,G27_13,1807.0,11,11
Traffic aware - zone balance on,G27_14,2758.0,10,11
Traffic aware - zone balance on,G27_15,3177.0,9,9
Traffic aware - zone balance on,G27_2,3442.0,10,11
Traffic aware - zone balance on,G27_4,815.0,10,10
Traffic aware - zone balance on,G27_5,1516.0,6,6
Traffic aware - zone balance on,G27_6,2271.0,10,10
Traffic aware - zone balance on,G27_7,2410.0,9,9
Traffic aware - zone balance on,G27_8,2899.0,10,10
Traffic aware - zone balance on,G27_9,3088.0,9,10
Traffic aware - zone balance on,G28_2,3362.0,9,9
Traffic aware - zone balance on,G29_10,3599.0,7,8
Traffic aware - zone balance on,G29_12,1414.0,8,10
Traffic aware - zone balance on,G29_13,2267.0,7,7
Traffic aware - zone balance on,G29_14,2350.0,9,10
Traffic aware - zone balance on,G29_15,2557.0,8,9
Traffic aware - zone balance on,G29_2,3042.0,10,12
Traffic aware - zone balance on,G29_4,686.0,7,8
Traffic aware - zone balance on,G29_5,1328.0,8,8
Traffic aware - zone balance on,G29_6,1727.0,11,11
Traffic aware - zone balance on,G29_7,1987.0,8,8
Traffic aware - zone balance on,G29_8,2421.0,10,10
Traffic aware - zone balance on,G29_9,3130.0,11,12
Traffic aware - zone balance on,G2_1,1022.0,5,5
Traffic aware - zone balance on,G2_10,3434.0,11,11
Traffic aware - zone balance on,G2_12,1427.0,7,7
Traffic aware - zone balance on,G2_13,1775.0,8,9
Traffic aware - zone balance on,G2_14,2241.0,8,8
Traffic aware - zone balance on,G2_15,2663.0,10,10
Traffic aware - zone balance on,G2_2,2293.0,6,6
Traffic aware - zone balance on,G2_4,1148.0,7,9
Traffic aware - zone balance on,G2_5,2088.0,7,7
Traffic aware - zone balance on,G2_6,2370.0,8,10
Traffic aware - zone balance on,G2_7,2591.0,8,8
Traffic aware - zone balance on,G2_8,3041.0,8,9
Traffic aware - zone balance on,G2_9,3220.0,8,9
Traffic aware - zone balance on,G30_10,3216.0,10,10
Traffic aware - zone balance on,G30_12,949.0,8,8
Traffic aware - zone balance on,G30_13,1426.0,8,8
Traffic aware - zone balance on,G30_14,2341.0,9,10
Traffic aware - zone balance on,G30_15,2449.0,9,10
Traffic aware - zone balance on,G30_2,2672.0,9,9
Traffic aware - zone balance on,G30_4,508.0,8,9
Traffic aware - zone balance on,G30_5,1305.0,7,9
Traffic aware - zone balance on,G30_6,1501.0,11,11
Traffic aware - zone balance on,G30_7,1776.0,7,7
Traffic aware - zone balance on,G30_8,2171.0,11,11
Traffic aware - zone balance on,G30_9,2384.0,8,8
Traffic aware - zone balance on,G31_2,2627.0,10,10
Traffic aware - zone balance on,G32_10,3618.0,10,11
Traffic aware - zone balance on,G32_12,1332.0,10,10
Traffic aware - zone balance on,G32_13,2568.0,9,10
Traffic aware - zone balance on,G32_14,3497.0,12,12
Traffic aware - zone balance on,G32_15,3908.0,12,12
Traffic aware - zone balance on,G32_2,2381.0,9,10
Traffic aware - zone balance on,G32_4,1662.0,10,12
Traffic aware - zone balance on,G32_5,2065.0,10,11
Traffic aware - zone balance on,G32_6,2496.0,11,11
Traffic aware - zone balance on,G32_7,3113.0,10,10
Traffic aware - zone balance on,G32_8,3002.0,10,10
Traffic aware - zone balance on,G32_9,3202.0,9,10
Traffic aware - zone balance on,G33_12,1187.0,7,8
Traffic aware - zone balance on,G33_13,1239.0,10,10
Traffic aware - zone balance on,G33_14,2202.0,10,10
Traffic aware - zone balance on,G33_15,3410.0,12,12
Traffic aware - zone balance on,G33_2,1884.0,10,11
Traffic aware - zone balance on,G33_4,80.0,6,6
Traffic aware - zone balance on,G33_5,1072.0,9,9
Traffic aware - zone balance on,G33_6,1525.0,10,10
Traffic aware - zone balance on,G33_7,2104.0,9,9
Traffic aware - zone balance on,G33_8,2690.0,7,7
Traffic aware - zone balance on,G34_2,1971.0,6,6
Traffic aware - zone balance on,G35_10,4357.0,9,9
Traffic aware - zone balance on,G35_12,1005.0,6,6
Traffic aware - zone balance on,G35_13,1774.0,8,9
Traffic aware - zone balance on,G35_14,1903.0,9,10
Traffic aware - zone balance on,G35_15,3054.0,8,8
Traffic aware - zone balance on,G35_2,1762.0,8,8
Traffic aware - zone balance on,G35_4,1049.0,7,8
Traffic aware - zone balance on,G35_5,1287.0,9,9
Traffic aware - zone balance on,G35_6,1441.0,7,9
Traffic aware - zone balance on,G35_7,2059.0,10,10
Traffic aware - zone balance on,G35_8,2064.0,8,9
Traffic aware - zone balance on,G35_9,3818.0,11,11
Traffic aware - zone balance on,G36_10,3555.0,11,12
Traffic aware - zone balance on,G36_12,694.0,7,8
Traffic aware - zone balance on,G36_13,921.0,7,10
Traffic aware - zone balance on,G36_14,1402.0,7,9
Traffic aware - zone balance on,G36_15,1825.0,9,10
Traffic aware - zone balance on,G36_2,1808.0,11,11
Traffic aware - zone balance on,G36_4,775.0,7,7
Traffic aware - zone balance on,G36_5,1000.0,9,10
Traffic aware - zone balance on,G36_6,1279.0,8,9
Traffic aware - zone balance on,G36_7,1314.0,8,11
Traffic aware - zone balance on,G36_8,1554.0,9,9
Traffic aware - zone balance on,G36_9,1999.0,9,9
Traffic aware - zone balance on,G37_2,1587.0,9,10
Traffic aware - zone balance on,G38_10,3681.0,11,11
Traffic aware - zone balance on,G38_12,1672.0,10,10
Traffic aware - zone balance on,G38_13,2493.0,10,10
Traffic aware - zone balance on,G38_14,2950.0,8,10
Traffic aware - zone balance on,G38_15,4194.0,10,10
Traffic aware - zone balance on,G38_2,1388.0,9,10
Traffic aware - zone balance on,G38_4,583.0,6,8
Traffic aware - zone balance on,G38_5,1413.0,8,8
Traffic aware - zone balance on,G38_6,1743.0,9,9
Traffic aware - zone balance on,G38_7,2043.0,9,9
Traffic aware - zone balance on,G38_8,2750.0,11,11
Traffic aware - zone balance on,G38_9,3015.0,10,10
Traffic aware - zone balance on,G39_10,2960.0,9,10
Traffic aware - zone balance on,G39_12,1148.0,9,9
Traffic aware - zone balance on,G39_13,1426.0,11,11
Traffic aware - zone balance on,G39_14,2393.0,8,9
Traffic aware - zone balance on,G39_15,2354.0,7,8
Traffic aware - zone balance on,G39_2,1770.0,8,8
Traffic aware - zone balance on,G39_4,299.0,5,8
Traffic aware - zone balance on,G39_5,580.0,8,10
Traffic aware - zone balance on,G39_6,878.0,6,6
Traffic aware - zone balance on,G39_7,1610.0,8,8
Traffic aware - zone balance on,G39_8,1701.0,9,10
Traffic aware - zone balance on,G39_9,2572.0,6,7
Traffic aware - zone balance on,G3_1,2304.0,8,9
Traffic aware - zone balance on,G3_10,3437.0,8,8
Traffic aware - zone balance on,G3_12,1713.0,7,7
Traffic aware - zone balance on,G3_13,2075.0,10,10
Traffic aware - zone balance on,G3_14,2518.0,10,10
Traffic aware - zone balance on,G3_15,3208.0,8,8
Traffic aware - zone balance on,G3_2,3592.0,8,8
Traffic aware - zone balance on,G3_4,1730.0,7,8
Traffic aware - zone balance on,G3_5,2136.0,9,9
Traffic aware - zone balance on,G3_6,2548.0,8,8
Traffic aware - zone balance on,G3_7,2737.0,9,9
Traffic aware - zone balance on,G3_8,3090.0,10,10
Traffic aware - zone balance on,G3_9,3059.0,7,8
Traffic aware - zone balance on,G40_2,1181.0,6,7
Traffic aware - zone balance on,G5_1,1231.0,10,10
Traffic aware - zone balance on,G5_10,3760.0,9,11
Traffic aware - zone balance on,G5_12,1211.0,8,9
Traffic aware - zone balance on,G5_13,1473.0,8,10
Traffic aware - zone balance on,G5_14,2481.0,9,9
Traffic aware - zone balance on,G5_15,3376.0,10,10
Traffic aware - zone balance on,G5_2,2197.0,10,10
Traffic aware - zone balance on,G5_4,1310.0,6,6
Traffic aware - zone balance on,G5_5,1451.0,9,10
Traffic aware - zone balance on,G5_6,1796.0,8,12
Traffic aware - zone balance on,G5_7,2406.0,8,8
Traffic aware - zone balance on,G5_8,3262.0,10,11
Traffic aware - zone balance on,G5_9,3263.0,9,9
Traffic aware - zone balance on,G6_1,2340.0,10,10
Traffic aware - zone balance on,G6_10,4043.0,9,9
Traffic aware - zone balance on,G6_12,1360.0,9,11
Traffic aware - zone balance on,G6_13,1725.0,9,9
Traffic aware - zone balance on,G6_14,2689.0,10,10
Traffic aware - zone balance on,G6_15,3365.0,10,10
Traffic aware - zone balance on,G6_2,3441.0,12,12
Traffic aware - zone balance on,G6_4,1337.0,7,8
Traffic aware - zone balance on,G6_5,1548.0,8,8
Traffic aware - zone balance on,G6_6,2288.0,8,8
Traffic aware - zone balance on,G6_7,2760.0,9,10
Traffic aware - zone balance on,G6_8,2964.0,11,12
Traffic aware - zone balance on,G6_9,3673.0,9,9
Traffic aware - zone balance on,G8_12,1304.0,9,10
Traffic aware - zone balance on,G8_13,2129.0,10,10
Traffic aware - zone balance on,G8_14,2383.0,8,8
Traffic aware - zone balance on,G8_15,3082.0,8,10
Traffic aware - zone balance on,G8_2,3303.0,9,10
Traffic aware - zone balance on,G8_4,542.0,9,10
Traffic aware - zone balance on,G8_5,1390.0,6,6
Traffic aware - zone balance on,G8_6,1815.0,8,9
Traffic aware - zone balance on,G8_7,2333.0,9,10
Traffic aware - zone balance on,G8_8,2764.0,11,11
Traffic aware - zone balance on,G9_1,1317.0,7,7
Traffic aware - zone balance on,G9_10,3487.0,10,11
Traffic aware - zone balance on,G9_12,1460.0,10,11
Traffic aware - zone balance on,G9_13,2103.0,8,9
Traffic aware - zone balance on,G9_14,2820.0,10,10
Traffic aware - zone balance on,G9_15,3756.0,9,10
Traffic aware - zone balance on,G9_2,3834.0,12,12
Traffic aware - zone balance on,G9_4,1254.0,11,11
Traffic aware - zone balance on,G9_5,1651.0,8,10
Traffic aware - zone balance on,G9_6,2347.0,8,9
Traffic aware - zone balance on,G9_7,2415.0,8,8
Traffic aware - zone balance on,G9_8,2821.0,9,9
Traffic aware - zone balance on,G9_9,3257.0,10,12
