sku,pick_frequency,total_quantity_ea,active_days,cumulative_frequency_share,velocity_class
135075,4962,120155.0,71,0.005048,A
123094,4181,71528.0,155,0.009301,A
124702,3964,46229.0,178,0.013334,A
134029,3459,208430.0,178,0.016853,A
107238,3390,65803.0,177,0.020301,A
132437,3283,778470.0,168,0.023641,A
101290,3096,33100.0,177,0.026791,A
110604,3088,81432.0,168,0.029932,A
101329,2990,64112.0,177,0.032974,A
124211,2980,84124.0,176,0.036005,A
111376,2956,179830.0,178,0.039013,A
110233,2872,83397.0,156,0.041934,A
110255,2853,92420.0,164,0.044837,A
127627,2853,35860.0,177,0.047739,A
110231,2834,55780.0,167,0.050622,A
112034,2810,88050.0,178,0.053481,A
111276,2791,137720.0,178,0.05632,A
124704,2744,137420.0,162,0.059111,A
133300,2744,21390.0,167,0.061903,A
110225,2734,48278.0,164,0.064684,A
110601,2710,32908.0,165,0.067441,A
112056,2692,74673.0,172,0.07018,A
107120,2659,14175.0,163,0.072885,A
125583,2639,56069.0,177,0.075569,A
111249,2629,31130.0,169,0.078244,A
110166,2612,64875.0,177,0.080901,A
110592,2594,56520.0,177,0.08354,A
123272,2564,7023.0,178,0.086148,A
121833,2544,108110.0,157,0.088736,A
112029,2498,39420.0,156,0.091277,A
101095,2487,28312.0,164,0.093807,A
110475,2475,59409.0,168,0.096325,A
110148,2473,96180.0,178,0.098841,A
101330,2460,79871.0,172,0.101344,A
112288,2459,16666.0,166,0.103845,A
110185,2440,56181.0,167,0.106327,A
123305,2422,10484.0,178,0.108791,A
110595,2413,41373.0,174,0.111246,A
101296,2400,30286.0,148,0.113688,A
110615,2397,49082.0,165,0.116126,A
125570,2390,35492.0,135,0.118557,A
136998,2381,40010.0,168,0.12098,A
112066,2380,29256.0,169,0.123401,A
112010,2377,58002.0,174,0.125819,A
112086,2364,18133.0,157,0.128224,A
107459,2351,12171.0,175,0.130616,A
139323,2345,11990.0,165,0.133001,A
101075,2335,10473.0,167,0.135376,A
110221,2335,107010.0,176,0.137752,A
101134,2327,27584.0,177,0.140119,A
110603,2320,37404.0,171,0.142479,A
110502,2316,7927.0,177,0.144835,A
110254,2309,68535.0,161,0.147184,A
123304,2309,10023.0,177,0.149533,A
120450,2295,45774.0,177,0.151868,A
110299,2287,82896.0,175,0.154195,A
107412,2286,22417.0,173,0.15652,A
101024,2279,9647.0,176,0.158839,A
110305,2278,61716.0,166,0.161156,A
112231,2277,45249.0,170,0.163472,A
118518,2266,11372.0,162,0.165778,A
110531,2260,10547.0,174,0.168077,A
110274,2246,39663.0,176,0.170362,A
110385,2221,42752.0,165,0.172621,A
110418,2212,37035.0,178,0.174871,A
110336,2197,46410.0,146,0.177106,A
111391,2197,238000.0,177,0.179341,A
110417,2195,48714.0,172,0.181574,A
101025,2187,8215.0,172,0.183799,A
129530,2178,40440.0,153,0.186015,A
125413,2164,66501.0,148,0.188216,A
112324,2145,17314.0,169,0.190398,A
110262,2130,23810.0,174,0.192565,A
107130,2118,13650.0,177,0.19472,A
111228,2074,17630.0,178,0.19683,A
111212,2073,66406.0,177,0.198939,A
136923,2072,114820.0,125,0.201046,A
101106,2063,23928.0,142,0.203145,A
110222,2057,30452.0,150,0.205238,A
112045,2048,37362.0,172,0.207321,A
110232,2047,24608.0,175,0.209404,A
107219,2044,8026.0,177,0.211483,A
111307,2021,41784.0,172,0.213539,A
107328,2019,8592.0,162,0.215593,A
124210,2005,56452.0,151,0.217632,A
110419,1998,29475.0,166,0.219665,A
110587,1996,65600.0,156,0.221696,A
134027,1995,40959.0,142,0.223725,A
111237,1993,60802.0,176,0.225753,A
127405,1988,55152.0,131,0.227775,A
112392,1987,41148.0,174,0.229796,A
110390,1980,21914.0,172,0.231811,A
107312,1977,9645.0,177,0.233822,A
124478,1960,27174.0,150,0.235816,A
123310,1958,95940.0,132,0.237808,A
101155,1955,6615.0,160,0.239796,A
110386,1952,49340.0,137,0.241782,A
110323,1948,40740.0,177,0.243764,A
110450,1948,40026.0,165,0.245746,A
110316,1945,29382.0,167,0.247724,A
112359,1942,17178.0,175,0.2497,A
124208,1936,90572.0,99,0.251669,A
126832,1913,31640.0,141,0.253615,A
110143,1909,20272.0,166,0.255558,A
124403,1907,26232.0,135,0.257498,A
110191,1905,51640.0,177,0.259435,A
111261,1902,43235.0,171,0.26137,A
110583,1898,8069.0,177,0.263301,A
110561,1887,8257.0,178,0.265221,A
101028,1885,6203.0,175,0.267138,A
101135,1876,24747.0,166,0.269047,A
110284,1867,33338.0,117,0.270946,A
111238,1855,47606.0,178,0.272833,A
110540,1852,11122.0,164,0.274717,A
110227,1848,28092.0,172,0.276597,A
110465,1840,10992.0,172,0.278469,A
101191,1833,9916.0,177,0.280334,A
110512,1831,30660.0,175,0.282197,A
107232,1828,6919.0,166,0.284056,A
110178,1818,82580.0,155,0.285906,A
101207,1812,7520.0,177,0.287749,A
101080,1800,7120.0,177,0.28958,A
110504,1796,7075.0,138,0.291407,A
110380,1789,20661.0,177,0.293227,A
101181,1788,6381.0,166,0.295046,A
112326,1781,8800.0,166,0.296858,A
110594,1780,25623.0,173,0.298669,A
110285,1774,36960.0,173,0.300473,A
107317,1758,12222.0,159,0.302262,A
107439,1756,5758.0,158,0.304048,A
111342,1754,50892.0,177,0.305833,A
109843,1735,49609.0,122,0.307598,A
110189,1727,59004.0,177,0.309355,A
101076,1725,6169.0,173,0.311109,A
110499,1722,16212.0,177,0.312861,A
109989,1715,32124.0,174,0.314606,A
115089,1715,10474.0,124,0.31635,A
110596,1714,20620.0,173,0.318094,A
110186,1713,21792.0,175,0.319837,A
107213,1706,12826.0,138,0.321572,A
112287,1700,6358.0,167,0.323302,A
110362,1693,25470.0,173,0.325024,A
115591,1687,55640.0,141,0.32674,A
110469,1682,50607.0,144,0.328451,A
112284,1681,7005.0,177,0.330161,A
101332,1668,14136.0,170,0.331858,A
101293,1667,6576.0,155,0.333554,A
123309,1662,13863.0,127,0.335245,A
112334,1656,7070.0,177,0.336929,A
101014,1651,14238.0,176,0.338609,A
101018,1641,32577.0,159,0.340278,A
107250,1639,5671.0,163,0.341946,A
110162,1630,22080.0,172,0.343604,A
123763,1630,22353.0,171,0.345262,A
110283,1619,43860.0,176,0.346909,A
107280,1615,6034.0,177,0.348552,A
112279,1610,6790.0,160,0.35019,A
110224,1609,17846.0,170,0.351827,A
110555,1602,5883.0,177,0.353457,A
110141,1594,13270.0,175,0.355078,A
110530,1594,6124.0,177,0.3567,A
100949,1589,5993.0,177,0.358316,A
101295,1588,4554.0,177,0.359932,A
111277,1588,43420.0,170,0.361547,A
112394,1583,47856.0,177,0.363158,A
123306,1581,4273.0,165,0.364766,A
112369,1575,13149.0,170,0.366368,A
112059,1565,17271.0,174,0.36796,A
110522,1563,6575.0,177,0.36955,A
110597,1562,18008.0,172,0.371139,A
111372,1559,19560.0,164,0.372725,A
110306,1555,19652.0,177,0.374307,A
112374,1547,28368.0,165,0.375881,A
107034,1543,7596.0,169,0.377451,A
110519,1543,6701.0,130,0.37902,A
138468,1543,27315.0,171,0.38059,A
110436,1535,120034.0,126,0.382152,A
120052,1535,22713.0,101,0.383713,A
113162,1517,3426.0,167,0.385256,A
110606,1514,17400.0,134,0.386797,A
110343,1509,49230.0,178,0.388332,A
107224,1500,16677.0,172,0.389858,A
113197,1495,15630.0,177,0.391379,A
125639,1495,4689.0,176,0.392899,A
110252,1493,21780.0,146,0.394418,A
101146,1484,4194.0,175,0.395928,A
110433,1480,15111.0,171,0.397434,A
101026,1479,4288.0,173,0.398938,A
101187,1471,7041.0,104,0.400435,A
110218,1471,42300.0,158,0.401931,A
112013,1470,37790.0,141,0.403426,A
132279,1467,5836.0,176,0.404919,A
101335,1457,4770.0,173,0.406401,A
101012,1456,21063.0,170,0.407882,A
110498,1450,4762.0,115,0.409357,A
111272,1450,26068.0,158,0.410832,A
110210,1449,44280.0,162,0.412307,A
101117,1448,3884.0,174,0.41378,A
120775,1446,16200.0,169,0.415251,A
110286,1441,20170.0,177,0.416717,A
110194,1434,14571.0,173,0.418175,A
101163,1431,5304.0,174,0.419631,A
110165,1430,12195.0,177,0.421086,A
131653,1425,24696.0,155,0.422535,A
112087,1422,5535.0,176,0.423982,A
107301,1420,34199.0,138,0.425427,A
110146,1420,108810.0,167,0.426871,A
112017,1420,17626.0,130,0.428316,A
110575,1418,12701.0,97,0.429758,A
110353,1416,9900.0,176,0.431199,A
112331,1414,7281.0,165,0.432637,A
112380,1414,21035.0,159,0.434076,A
110301,1411,24606.0,163,0.435511,A
112363,1408,9504.0,169,0.436944,A
107272,1400,4092.0,173,0.438368,A
112302,1400,25342.0,168,0.439792,A
112285,1394,6696.0,178,0.44121,A
107293,1390,4083.0,176,0.442624,A
101193,1388,6445.0,150,0.444036,A
121875,1387,45360.0,172,0.445447,A
137523,1383,3278.0,173,0.446854,A
110182,1381,19833.0,165,0.448259,A
110179,1372,138516.0,150,0.449655,A
110346,1372,13380.0,155,0.45105,A
115355,1372,6880.0,173,0.452446,A
110193,1368,35448.0,177,0.453838,A
101276,1359,3906.0,162,0.45522,A
110168,1345,44440.0,149,0.456589,A
122632,1344,6890.0,177,0.457956,A
110163,1343,15528.0,169,0.459322,A
110541,1343,5492.0,159,0.460688,A
123788,1341,7338.0,177,0.462053,A
101318,1340,15597.0,151,0.463416,A
112317,1337,5200.0,172,0.464776,A
131891,1336,12520.0,137,0.466135,A
107159,1335,10622.0,174,0.467493,A
111362,1334,13596.0,147,0.46885,A
112203,1332,49114.0,70,0.470205,A
110452,1329,12702.0,176,0.471557,A
107310,1328,6069.0,176,0.472908,A
131216,1327,17184.0,159,0.474258,A
110253,1324,16348.0,162,0.475605,A
132277,1324,16398.0,82,0.476952,A
107457,1320,13347.0,158,0.478295,A
110298,1311,29784.0,172,0.479629,A
125535,1311,31808.0,113,0.480962,A
110317,1294,11217.0,178,0.482279,A
110251,1291,21420.0,166,0.483592,A
101180,1290,3315.0,171,0.484904,A
111380,1285,31162.0,168,0.486211,A
121904,1285,13056.0,162,0.487519,A
101015,1284,14448.0,170,0.488825,A
101192,1283,61362.0,177,0.49013,A
111220,1283,7452.0,175,0.491435,A
107263,1281,20391.0,131,0.492738,A
112332,1278,5371.0,159,0.494039,A
110154,1273,11229.0,165,0.495334,A
107380,1270,5924.0,131,0.496626,A
110513,1256,13850.0,167,0.497903,A
111999,1251,27470.0,177,0.499176,A
110501,1242,6036.0,171,0.500439,A
110164,1238,12360.0,170,0.501699,A
110520,1236,4780.0,167,0.502956,A
107259,1232,12177.0,176,0.50421,A
134611,1231,4009.0,138,0.505462,A
110593,1230,12831.0,166,0.506713,A
110590,1223,7962.0,178,0.507957,A
110205,1221,11830.0,168,0.509199,A
110440,1221,11337.0,177,0.510442,A
101149,1215,3390.0,158,0.511678,A
101065,1212,5906.0,175,0.512911,A
110466,1211,12711.0,176,0.514143,A
107256,1208,4593.0,155,0.515371,A
134683,1208,24950.0,145,0.5166,A
110216,1206,28920.0,170,0.517827,A
107398,1205,3474.0,164,0.519053,A
125176,1205,8913.0,177,0.520279,A
112036,1202,15290.0,169,0.521502,A
112452,1199,3500.0,177,0.522721,A
107396,1193,2869.0,164,0.523935,A
107103,1192,3889.0,176,0.525148,A
101013,1189,9828.0,156,0.526357,A
101151,1188,3498.0,119,0.527566,A
107297,1187,10701.0,169,0.528773,A
110482,1187,12672.0,172,0.529981,A
124207,1187,34240.0,74,0.531188,A
110297,1183,25344.0,177,0.532392,A
110324,1170,17414.0,166,0.533582,A
110492,1169,119010.0,102,0.534771,A
110391,1166,9002.0,176,0.535958,A
111283,1158,18474.0,163,0.537136,A
110582,1155,2827.0,171,0.538311,A
112070,1155,2208.0,177,0.539486,A
101200,1151,4188.0,177,0.540656,A
107177,1149,32850.0,85,0.541825,A
110171,1146,6940.0,176,0.542991,A
111330,1145,40252.0,177,0.544156,A
112294,1144,3071.0,177,0.54532,A
110393,1141,226800.0,177,0.546481,A
112292,1136,2877.0,158,0.547636,A
112040,1135,22120.0,168,0.548791,A
110293,1134,17200.0,116,0.549944,A
110479,1134,10749.0,168,0.551098,A
110494,1134,8440.0,177,0.552252,A
138935,1131,33444.0,91,0.553402,A
110278,1119,166100.0,164,0.554541,A
110344,1119,23250.0,162,0.555679,A
107172,1116,4556.0,96,0.556814,A
134598,1116,15690.0,175,0.55795,A
110703,1115,6524.0,155,0.559084,A
113194,1113,22560.0,178,0.560216,A
101185,1110,2370.0,167,0.561345,A
112208,1110,244200.0,172,0.562475,A
126308,1109,6774.0,174,0.563603,A
101104,1107,5040.0,98,0.564729,A
111295,1101,13071.0,154,0.565849,A
110161,1100,175400.0,176,0.566968,A
111996,1097,24500.0,141,0.568084,A
117415,1092,6512.0,157,0.569195,A
110289,1089,5984.0,175,0.570303,A
110543,1086,28640.0,175,0.571407,A
110398,1084,17510.0,167,0.57251,A
110483,1081,22240.0,174,0.57361,A
107281,1078,3581.0,133,0.574707,A
110484,1076,21042.0,177,0.575801,A
123035,1076,12448.0,174,0.576896,A
107336,1075,2287.0,167,0.577989,A
110234,1069,8890.0,169,0.579077,A
118475,1065,33350.0,77,0.58016,A
107407,1064,2998.0,176,0.581243,A
110599,1064,10008.0,162,0.582325,A
126833,1062,14752.0,102,0.583406,A
124402,1060,9772.0,134,0.584484,A
126834,1059,8106.0,167,0.585561,A
101060,1058,8934.0,171,0.586638,A
110142,1058,6774.0,169,0.587714,A
110137,1056,7384.0,176,0.588788,A
138355,1052,4752.0,172,0.589858,A
110325,1051,14604.0,156,0.590927,A
107276,1050,3579.0,124,0.591996,A
110357,1050,15803.0,104,0.593064,A
101202,1044,2635.0,153,0.594126,A
124008,1044,38150.0,173,0.595188,A
111239,1043,11055.0,163,0.596249,A
112367,1042,10048.0,172,0.597309,A
110528,1039,2950.0,170,0.598366,A
110572,1036,3266.0,149,0.59942,A
112451,1024,3724.0,159,0.600462,A
110349,1023,59700.0,175,0.601502,A
110511,1020,7730.0,169,0.60254,A
101147,1017,14357.0,72,0.603575,A
101177,1015,2586.0,166,0.604607,A
111226,1009,6662.0,169,0.605634,A
111363,1009,8868.0,169,0.60666,A
107124,1006,2869.0,177,0.607683,A
111207,1005,28030.0,114,0.608706,A
110267,1003,11910.0,134,0.609726,A
101291,1002,2993.0,175,0.610746,A
110521,998,3490.0,164,0.611761,A
107334,988,3489.0,156,0.612766,A
112371,987,9795.0,153,0.61377,A
111252,976,17890.0,160,0.614763,A
111373,975,10955.0,150,0.615755,A
113201,975,10506.0,178,0.616747,A
120448,970,12084.0,134,0.617733,A
110468,966,18510.0,153,0.618716,A
110382,964,9004.0,175,0.619697,A
138352,960,9084.0,164,0.620673,A
112194,953,7060.0,167,0.621643,A
134679,953,7512.0,94,0.622612,A
101097,942,10326.0,41,0.623571,A
110401,942,15160.0,169,0.624529,A
112044,942,15670.0,158,0.625487,A
101061,940,8925.0,162,0.626444,A
112361,940,2531.0,141,0.6274,A
101221,938,2330.0,147,0.628354,A
101183,928,2105.0,173,0.629298,A
110313,927,10350.0,155,0.630241,A
112083,927,13113.0,159,0.631184,A
101337,926,2242.0,171,0.632126,A
140079,925,28080.0,122,0.633067,A
110169,924,7653.0,175,0.634007,A
110588,924,12996.0,111,0.634947,A
110333,922,9612.0,175,0.635885,A
112068,921,1688.0,176,0.636822,A
101297,919,2323.0,147,0.637757,A
110347,919,26170.0,157,0.638692,A
112386,916,11508.0,121,0.639624,A
125183,915,4314.0,162,0.640555,A
110526,914,3015.0,151,0.641484,A
101020,908,2861.0,147,0.642408,A
110395,899,3674.0,172,0.643323,A
110486,895,6600.0,173,0.644233,A
133309,893,6750.0,121,0.645142,A
107428,886,2121.0,169,0.646043,A
110573,885,2316.0,131,0.646943,A
115988,884,57600.0,162,0.647843,A
101305,883,2524.0,142,0.648741,A
125549,882,18036.0,55,0.649638,A
112252,881,4420.0,101,0.650534,A
111387,875,10644.0,161,0.651424,A
101218,870,1976.0,171,0.652309,A
110134,869,6432.0,156,0.653194,A
110211,868,7557.0,156,0.654077,A
107456,867,31499.0,71,0.654959,A
110155,863,4754.0,175,0.655836,A
107254,859,3958.0,71,0.65671,A
107327,859,2866.0,171,0.657584,A
111995,859,10504.0,158,0.658458,A
112379,858,8694.0,175,0.659331,A
101085,855,2453.0,149,0.660201,A
111246,854,3688.0,177,0.661069,A
138350,852,7740.0,161,0.661936,A
110294,850,14670.0,170,0.662801,A
107131,849,1762.0,169,0.663665,A
124184,849,2245.0,170,0.664528,A
107458,846,3174.0,174,0.665389,A
110524,846,3082.0,163,0.66625,A
110358,845,29310.0,83,0.667109,A
110361,839,14095.0,75,0.667963,A
110448,836,20940.0,174,0.668813,A
115686,836,6445.0,98,0.669664,A
101022,830,4927.0,79,0.670508,A
124483,828,12630.0,104,0.67135,A
107395,827,1959.0,173,0.672192,A
110138,826,4842.0,175,0.673032,A
125194,821,7776.0,168,0.673867,A
112084,820,3898.0,153,0.674701,A
117432,820,8445.0,135,0.675536,A
110360,818,5992.0,165,0.676368,A
138500,818,15810.0,124,0.6772,A
110214,817,4210.0,173,0.678031,A
107178,816,7402.0,77,0.678861,A
139149,816,3995.0,61,0.679691,A
110432,815,16540.0,143,0.68052,A
107324,814,2501.0,163,0.681348,A
101122,812,7356.0,176,0.682174,A
110132,812,5276.0,176,0.683,A
110097,809,34680.0,156,0.683823,A
107285,808,1569.0,162,0.684645,A
107382,804,1918.0,163,0.685463,A
125463,803,20990.0,82,0.68628,A
110348,799,11970.0,92,0.687093,A
110351,799,13690.0,148,0.687906,A
107329,796,3666.0,145,0.688716,A
101109,792,5010.0,174,0.689521,A
101302,792,1459.0,176,0.690327,A
110342,791,60850.0,130,0.691132,A
112353,791,1764.0,162,0.691936,A
110131,790,5784.0,167,0.69274,A
101244,789,3625.0,166,0.693543,A
110223,786,9936.0,158,0.694342,A
138501,779,7854.0,134,0.695135,A
111268,778,6936.0,154,0.695926,A
120449,776,9762.0,163,0.696716,A
110617,773,14090.0,132,0.697502,A
101016,771,26316.0,53,0.698286,A
101102,771,31754.0,67,0.699071,A
110292,770,154100.0,144,0.699854,A
131589,770,3664.0,160,0.700637,A
107101,769,1761.0,172,0.70142,A
122645,769,10568.0,174,0.702202,A
101333,768,8442.0,159,0.702983,A
110291,768,5202.0,161,0.703765,A
110569,767,16056.0,98,0.704545,A
101211,765,2280.0,143,0.705323,A
112431,764,13708.0,147,0.7061,A
125547,762,14462.0,45,0.706876,A
110514,761,4732.0,167,0.70765,A
110150,759,107400.0,121,0.708422,A
124826,759,2117.0,164,0.709194,A
111233,757,19380.0,111,0.709964,A
101093,753,2718.0,156,0.71073,A
107227,752,2197.0,106,0.711495,A
114762,749,7304.0,69,0.712257,A
101107,748,21000.0,68,0.713018,A
112053,748,3190.0,168,0.713779,A
110198,744,12124.0,166,0.714536,A
110139,743,6675.0,174,0.715292,A
107269,742,2024.0,104,0.716047,A
101288,738,4411.0,110,0.716797,A
112347,737,2507.0,171,0.717547,A
101275,734,1599.0,172,0.718294,A
110534,734,2640.0,81,0.71904,A
110577,732,1577.0,164,0.719785,A
111208,731,14510.0,158,0.720529,A
112273,731,14430.0,125,0.721272,A
130011,730,7320.0,159,0.722015,A
110509,729,1517.0,153,0.722757,A
112007,729,7518.0,168,0.723498,A
112329,729,3352.0,174,0.72424,A
107210,724,6261.0,165,0.724976,A
136197,724,5056.0,111,0.725713,A
124899,721,2796.0,167,0.726446,A
101327,718,1898.0,170,0.727177,A
110220,717,16601.0,108,0.727906,A
107377,715,1682.0,140,0.728634,A
110296,715,11310.0,173,0.729361,A
110461,710,16260.0,71,0.730083,A
120382,710,1557.0,158,0.730806,A
110133,709,4784.0,165,0.731527,A
101150,708,1388.0,142,0.732247,A
119644,708,8797.0,135,0.732967,A
101189,706,1394.0,139,0.733686,A
101157,703,10186.0,88,0.734401,A
101166,703,2153.0,164,0.735116,A
111273,702,5540.0,161,0.73583,A
132613,702,27184.0,101,0.736544,A
125179,700,1445.0,164,0.737256,A
132278,699,12001.0,29,0.737967,A
110149,698,3000.0,132,0.738677,A
110600,698,7317.0,159,0.739388,A
101092,697,1967.0,168,0.740097,A
101203,697,2101.0,152,0.740806,A
107340,696,1580.0,157,0.741514,A
131590,696,3166.0,156,0.742222,A
122980,693,3945.0,168,0.742927,A
110219,692,1404.0,166,0.743631,A
140089,691,1564.0,112,0.744334,A
104356,686,10224.0,60,0.745031,A
112333,686,2194.0,154,0.745729,A
134599,686,3466.0,171,0.746427,A
101074,684,1567.0,169,0.747123,A
114899,684,1179.0,172,0.747819,A
101198,680,1577.0,168,0.748511,A
137330,675,11328.0,170,0.749197,A
110204,674,26040.0,98,0.749883,A
110319,673,10416.0,119,0.750568,A
134028,671,14160.0,90,0.75125,A
101219,670,2309.0,143,0.751932,A
111285,669,4158.0,167,0.752612,A
110350,668,6245.0,162,0.753292,A
107381,664,1566.0,157,0.753967,A
107290,663,1133.0,164,0.754642,A
120779,663,4107.0,164,0.755316,A
107294,661,1880.0,147,0.755989,A
110328,661,82000.0,110,0.756661,A
110201,656,4702.0,174,0.757329,A
107366,654,2205.0,173,0.757994,A
110444,654,1543.0,153,0.758659,A
107116,650,1269.0,164,0.759321,A
110480,650,5805.0,170,0.759982,A
110153,649,4209.0,163,0.760642,A
112307,649,3996.0,145,0.761302,A
135368,649,4851.0,141,0.761962,A
101027,648,1615.0,164,0.762622,A
111247,648,2766.0,176,0.763281,A
134698,648,10515.0,72,0.76394,A
107136,647,1373.0,141,0.764598,A
110374,647,14670.0,165,0.765256,A
111223,646,4170.0,172,0.765914,A
110309,644,12590.0,159,0.766569,A
110322,642,7923.0,97,0.767222,A
124205,642,1505.0,86,0.767875,A
139112,642,9425.0,57,0.768528,A
107207,640,6096.0,134,0.769179,A
127626,640,5361.0,164,0.76983,A
107255,639,2077.0,165,0.77048,A
111997,638,77400.0,124,0.771129,A
101153,637,10373.0,51,0.771777,A
110136,636,4476.0,169,0.772424,A
101280,634,1265.0,160,0.773069,A
131663,634,3998.0,56,0.773714,A
110536,633,1300.0,162,0.774358,A
132276,633,8006.0,54,0.775002,A
107268,630,1356.0,158,0.775643,A
110439,629,9510.0,136,0.776283,A
124183,629,1197.0,156,0.776923,A
111275,626,3618.0,158,0.77756,A
112319,625,1692.0,170,0.778196,A
122631,625,2554.0,165,0.778831,A
107303,622,1882.0,145,0.779464,A
111281,620,2416.0,148,0.780095,A
112283,620,1701.0,141,0.780726,A
112430,620,3975.0,165,0.781356,A
131976,620,6972.0,129,0.781987,A
110485,618,39850.0,85,0.782616,A
111348,617,1725.0,156,0.783243,A
110215,615,2567.0,168,0.783869,A
110618,615,1129.0,153,0.784495,A
135158,614,6366.0,97,0.785119,A
101063,613,2646.0,60,0.785743,A
110412,610,4520.0,142,0.786363,A
110580,609,1980.0,90,0.786983,A
110525,602,1634.0,155,0.787595,A
111222,599,3777.0,152,0.788205,A
110329,595,11860.0,115,0.78881,A
110363,595,94300.0,168,0.789415,A
101299,593,2194.0,167,0.790019,A
110156,592,4677.0,145,0.790621,A
120778,592,4113.0,167,0.791223,A
101215,590,1101.0,142,0.791823,A
134100,588,2403.0,57,0.792422,A
107204,587,4516.0,87,0.793019,A
214618,585,10260.0,149,0.793614,A
107106,584,9853.0,79,0.794208,A
112011,584,13400.0,109,0.794802,A
107333,582,1671.0,157,0.795394,A
110437,580,107900.0,172,0.795984,A
111210,580,3687.0,170,0.796574,A
110174,578,2156.0,170,0.797162,A
112277,578,1320.0,163,0.79775,A
123311,578,8585.0,167,0.798338,A
123034,576,48210.0,96,0.798924,A
101145,575,1113.0,164,0.799509,A
121745,574,9280.0,163,0.800093,B
135157,574,5421.0,160,0.800677,B
110481,573,3549.0,145,0.80126,B
114652,569,23275.0,64,0.801839,B
132280,569,6680.0,33,0.802418,B
120049,568,33700.0,148,0.802995,B
110200,567,5220.0,169,0.803572,B
111303,566,4158.0,166,0.804148,B
125462,566,14320.0,74,0.804724,B
134669,566,7714.0,120,0.8053,B
117431,562,6294.0,148,0.805871,B
101266,561,1453.0,89,0.806442,B
112366,559,15290.0,114,0.807011,B
124080,558,1686.0,151,0.807578,B
107162,556,1264.0,98,0.808144,B
112009,552,20550.0,72,0.808705,B
115181,552,1378.0,157,0.809267,B
110609,549,10910.0,138,0.809826,B
101334,547,5898.0,167,0.810382,B
101073,546,1193.0,156,0.810937,B
107274,546,1144.0,165,0.811493,B
110622,546,8570.0,163,0.812048,B
107343,545,1056.0,153,0.812603,B
121807,545,1872.0,151,0.813157,B
112435,543,10280.0,119,0.81371,B
112377,542,18660.0,110,0.814261,B
111241,538,4001.0,27,0.814808,B
110426,537,19430.0,125,0.815355,B
104397,533,5299.0,41,0.815897,B
110151,532,8540.0,152,0.816438,B
110464,532,5735.0,159,0.816979,B
112286,532,1601.0,92,0.81752,B
109969,531,14492.0,64,0.818061,B
101182,530,1066.0,108,0.8186,B
107573,530,10576.0,151,0.819139,B
111264,530,7760.0,165,0.819678,B
101235,528,1401.0,150,0.820215,B
112069,524,860.0,143,0.820748,B
112381,524,6830.0,164,0.821281,B
122686,523,7910.0,141,0.821813,B
112432,522,82500.0,41,0.822344,B
115095,519,1799.0,96,0.822872,B
117027,519,30240.0,85,0.8234,B
107105,518,1704.0,140,0.823927,B
110229,517,3285.0,165,0.824453,B
107175,515,3913.0,119,0.824977,B
125185,515,942.0,150,0.825501,B
104429,514,3828.0,145,0.826024,B
110500,514,907.0,148,0.826547,B
111988,514,50820.0,147,0.82707,B
111350,513,4275.0,165,0.827592,B
111897,513,30950.0,141,0.828114,B
107330,512,2579.0,163,0.828634,B
100167,511,1183.0,151,0.829154,B
101325,511,921.0,148,0.829674,B
111301,511,3210.0,152,0.830194,B
115794,510,10236.0,125,0.830713,B
101067,509,941.0,134,0.831231,B
134546,509,1724.0,154,0.831748,B
101254,506,829.0,132,0.832263,B
101322,506,1148.0,159,0.832778,B
107168,506,1642.0,121,0.833293,B
111265,504,13332.0,61,0.833805,B
101265,502,1465.0,48,0.834316,B
101328,501,5808.0,147,0.834826,B
126347,501,1201.0,141,0.835335,B
112008,500,8120.0,125,0.835844,B
112357,499,37700.0,76,0.836352,B
110338,498,47252.0,29,0.836858,B
101184,497,963.0,153,0.837364,B
117025,497,4728.0,138,0.837869,B
107444,496,850.0,163,0.838374,B
110212,496,6400.0,156,0.838879,B
110497,495,2672.0,39,0.839382,B
110356,494,8360.0,166,0.839885,B
101282,492,925.0,143,0.840385,B
134916,491,27666.0,38,0.840885,B
110378,490,6900.0,142,0.841383,B
111243,490,6096.0,160,0.841882,B
111998,490,7390.0,119,0.84238,B
101096,489,1374.0,141,0.842878,B
101281,488,990.0,130,0.843374,B
110394,487,5412.0,164,0.84387,B
112313,487,14440.0,124,0.844365,B
110552,484,1120.0,153,0.844857,B
110379,483,81800.0,51,0.845349,B
149347,483,2138.0,163,0.84584,B
110585,482,4020.0,150,0.84633,B
101103,477,1448.0,69,0.846816,B
101071,476,821.0,159,0.8473,B
110607,476,8460.0,123,0.847784,B
107104,475,7462.0,29,0.848267,B
125181,473,3681.0,161,0.848749,B
110847,469,15120.0,88,0.849226,B
115770,467,4350.0,134,0.849701,B
110311,466,4161.0,109,0.850175,B
110548,461,2541.0,159,0.850644,B
112195,461,3355.0,139,0.851113,B
101292,460,1080.0,129,0.851581,B
129719,460,4780.0,155,0.852049,B
112061,459,18050.0,96,0.852516,B
107400,458,1346.0,139,0.852982,B
138386,458,3201.0,128,0.853447,B
111229,456,1926.0,154,0.853911,B
112019,456,3002.0,67,0.854375,B
107389,455,1278.0,63,0.854838,B
133306,454,7338.0,142,0.8553,B
135744,452,7000.0,50,0.85576,B
138368,452,2016.0,150,0.85622,B
112351,451,3237.0,80,0.856678,B
111837,450,4644.0,140,0.857136,B
107095,449,1500.0,164,0.857593,B
101045,447,2210.0,134,0.858048,B
117427,447,794.0,118,0.858502,B
110109,446,10990.0,146,0.858956,B
110527,445,1195.0,141,0.859409,B
110624,445,6770.0,147,0.859862,B
112368,445,915.0,154,0.860314,B
101021,444,963.0,164,0.860766,B
121937,443,6340.0,136,0.861217,B
112364,442,873.0,158,0.861666,B
110199,441,1696.0,159,0.862115,B
101164,440,65800.0,149,0.862562,B
110449,440,5135.0,153,0.86301,B
115951,440,55003.0,147,0.863458,B
110192,438,7480.0,111,0.863903,B
111328,438,4035.0,146,0.864349,B
111367,436,3278.0,67,0.864792,B
101336,435,668.0,146,0.865235,B
107347,435,860.0,158,0.865677,B
110542,434,6670.0,130,0.866119,B
112247,434,14010.0,46,0.86656,B
110533,432,2500.0,52,0.867,B
112316,430,808.0,148,0.867437,B
112445,430,2052.0,150,0.867875,B
110397,429,20524.0,77,0.868311,B
110453,428,3198.0,153,0.868747,B
101128,427,3552.0,64,0.869181,B
112022,427,2568.0,142,0.869615,B
140087,426,1144.0,112,0.870049,B
124795,425,5380.0,139,0.870481,B
107186,424,3690.0,98,0.870912,B
110282,424,8820.0,71,0.871344,B
111366,424,3036.0,164,0.871775,B
112073,424,661.0,110,0.872206,B
110310,422,4365.0,85,0.872636,B
110381,422,56400.0,99,0.873065,B
111390,422,1570.0,159,0.873494,B
120272,422,712.0,135,0.873924,B
110190,421,8460.0,156,0.874352,B
112081,421,4212.0,68,0.87478,B
122556,417,1696.0,135,0.875204,B
101174,415,586.0,145,0.875627,B
111356,415,5022.0,80,0.876049,B
111315,414,796.0,152,0.87647,B
112323,414,1276.0,158,0.876891,B
135096,413,4237.0,114,0.877311,B
110170,412,2032.0,151,0.87773,B
110173,411,10980.0,93,0.878149,B
107258,410,2055.0,130,0.878566,B
131889,410,539000.0,101,0.878983,B
110523,409,1183.0,134,0.879399,B
138351,409,3681.0,120,0.879815,B
107291,403,677.0,152,0.880225,B
110496,403,2221.0,53,0.880635,B
125617,401,2286.0,134,0.881043,B
112308,400,1456.0,146,0.88145,B
112330,400,69900.0,151,0.881857,B
139021,400,1869.0,111,0.882264,B
113218,399,5192.0,144,0.882669,B
101303,397,639.0,148,0.883073,B
101167,396,1081.0,157,0.883476,B
131642,395,6570.0,120,0.883878,B
101044,394,1068.0,78,0.884279,B
110187,393,2982.0,51,0.884679,B
135012,393,8728.0,47,0.885078,B
112211,391,1574.0,153,0.885476,B
112266,391,6891.0,141,0.885874,B
140016,390,2324.0,56,0.886271,B
110307,389,3966.0,146,0.886666,B
117422,389,1182.0,138,0.887062,B
135161,386,8810.0,120,0.887455,B
110341,385,4500.0,155,0.887846,B
112072,382,728.0,128,0.888235,B
114748,382,733.0,137,0.888624,B
127465,382,2684.0,35,0.889012,B
101030,380,626.0,134,0.889399,B
133910,380,2293.0,40,0.889785,B
101066,379,602.0,119,0.890171,B
101084,379,8628.0,118,0.890557,B
112006,376,4020.0,144,0.890939,B
110197,375,2250.0,107,0.891321,B
110517,375,4218.0,89,0.891702,B
112032,375,5070.0,145,0.892084,B
112216,373,5110.0,131,0.892463,B
101307,372,736.0,143,0.892841,B
110157,372,60500.0,115,0.89322,B
121570,372,2740.0,145,0.893598,B
113097,371,21500.0,146,0.893976,B
110368,370,41600.0,90,0.894352,B
124666,368,2778.0,57,0.894727,B
110435,366,6027.0,47,0.895099,B
111271,365,2756.0,135,0.89547,B
115584,365,4320.0,25,0.895841,B
112387,362,3120.0,67,0.89621,B
107403,361,733.0,80,0.896577,B
110290,361,1546.0,132,0.896944,B
123128,361,7071.0,133,0.897311,B
101068,360,1803.0,19,0.897678,B
101110,360,479.0,127,0.898044,B
107405,360,675.0,155,0.89841,B
101090,359,555.0,107,0.898775,B
138245,359,2010.0,47,0.899141,B
107192,358,1147.0,143,0.899505,B
110196,358,20150.0,83,0.899869,B
112395,358,7512.0,132,0.900233,B
111368,357,640.0,148,0.900596,B
112340,356,1982.0,147,0.900959,B
107266,355,543.0,111,0.90132,B
110558,355,971.0,89,0.901681,B
110239,354,2130.0,151,0.902041,B
124994,354,4340.0,147,0.902401,B
107411,353,810.0,74,0.90276,B
133308,353,11750.0,28,0.903119,B
101154,351,487.0,142,0.903476,B
131980,351,1562.0,113,0.903833,B
138499,351,2736.0,100,0.90419,B
101301,348,511.0,125,0.904544,B
124476,348,1050.0,29,0.904899,B
110242,346,2031.0,144,0.905251,B
131531,344,2427.0,149,0.9056,B
112315,343,903.0,126,0.905949,B
101033,342,539.0,145,0.906297,B
132414,342,5860.0,113,0.906645,B
111263,341,6010.0,139,0.906992,B
120447,341,3504.0,123,0.907339,B
132610,341,11410.0,26,0.907686,B
110181,340,5760.0,78,0.908032,B
110710,340,48300.0,99,0.908378,B
112217,340,3455.0,118,0.908724,B
111383,339,4025.0,122,0.909068,B
107387,338,687.0,135,0.909412,B
125389,338,2406.0,46,0.909756,B
107311,336,888.0,124,0.910098,B
101091,335,876.0,103,0.910439,B
110209,335,42100.0,140,0.91078,B
112041,335,3516.0,82,0.91112,B
112078,335,3760.0,112,0.911461,B
101105,333,1461.0,67,0.9118,B
113093,333,1544.0,140,0.912139,B
101094,332,815.0,134,0.912476,B
107102,331,1189.0,135,0.912813,B
110335,331,4660.0,140,0.91315,B
110518,331,4914.0,144,0.913487,B
111312,331,5040.0,144,0.913823,B
120318,330,11430.0,47,0.914159,B
124896,329,1185.0,80,0.914494,B
107364,328,1042.0,55,0.914827,B
127717,327,901.0,59,0.91516,B
110377,322,4944.0,129,0.915488,B
112396,321,9708.0,131,0.915814,B
110370,320,7000.0,111,0.91614,B
107449,318,1142.0,29,0.916463,B
110195,317,33500.0,141,0.916786,B
110243,316,2680.0,92,0.917107,B
110423,316,8120.0,130,0.917429,B
107287,315,500.0,127,0.917749,B
111147,313,543.0,130,0.918067,B
107176,312,714.0,138,0.918385,B
101143,310,559.0,134,0.9187,B
110176,310,1274.0,139,0.919016,B
111270,310,2520.0,129,0.919331,B
112003,310,4030.0,103,0.919646,B
115589,310,41500.0,93,0.919962,B
118513,310,19300.0,109,0.920277,B
110180,309,4710.0,133,0.920591,B
117442,309,428.0,135,0.920906,B
112275,307,861.0,95,0.921218,B
111296,306,6730.0,84,0.921529,B
112305,306,8280.0,96,0.921841,B
134660,305,11494.0,68,0.922151,B
135420,305,2220.0,124,0.922461,B
134680,304,2634.0,77,0.92277,B
107151,303,11466.0,95,0.923079,B
112312,301,692.0,126,0.923385,B
107144,300,480.0,142,0.92369,B
107094,298,543.0,137,0.923993,B
107271,298,661.0,123,0.924296,B
139195,298,4000.0,21,0.9246,B
139225,298,2859.0,18,0.924903,B
110392,297,3920.0,115,0.925205,B
101256,296,2450.0,82,0.925506,B
107129,296,675.0,136,0.925807,B
110259,295,12900.0,131,0.926107,B
110250,294,1024.0,137,0.926406,B
113203,293,1579.0,27,0.926704,B
113232,291,622.0,136,0.927,B
110147,290,12640.0,113,0.927295,B
110478,290,4170.0,138,0.92759,B
123252,290,497.0,126,0.927885,B
107292,289,447.0,137,0.928179,B
115063,289,481.0,135,0.928473,B
112365,287,607.0,138,0.928765,B
115785,286,520.0,138,0.929056,B
110158,284,2702.0,125,0.929345,B
112021,284,7550.0,99,0.929634,B
107146,282,648.0,116,0.929921,B
107174,281,573.0,119,0.930207,B
113159,280,7630.0,25,0.930492,B
107226,279,4320.0,24,0.930776,B
107342,279,756.0,51,0.931059,B
107165,277,330.0,136,0.931341,B
110551,277,564.0,111,0.931623,B
111361,277,3910.0,127,0.931905,B
107261,276,1287.0,122,0.932186,B
110446,275,918.0,104,0.932465,B
124034,275,475.0,84,0.932745,B
110228,274,5620.0,49,0.933024,B
110256,274,1623.0,119,0.933303,B
111326,274,1431.0,123,0.933581,B
112444,274,74500.0,115,0.93386,B
134817,274,2566.0,70,0.934139,B
112198,273,15500.0,123,0.934417,B
143024,273,2822.0,18,0.934694,B
110473,272,2264.0,135,0.934971,B
112335,272,611.0,105,0.935248,B
112404,271,3900.0,125,0.935523,B
105418,269,5030.0,131,0.935797,B
110302,269,1608.0,128,0.936071,B
110455,269,3950.0,97,0.936344,B
107113,267,441.0,137,0.936616,B
110339,267,14040.0,106,0.936888,B
101279,265,770.0,57,0.937157,B
124794,265,3350.0,133,0.937427,B
112200,264,1452.0,139,0.937695,B
113202,264,577.0,76,0.937964,B
110568,263,2421.0,100,0.938231,B
111349,263,3480.0,119,0.938499,B
101199,262,738.0,107,0.938766,B
107388,262,596.0,56,0.939032,B
110128,262,2463.0,123,0.939299,B
132452,262,4360.0,50,0.939565,B
107304,261,1200.0,43,0.939831,B
112355,260,3800.0,112,0.940095,B
110172,259,30110.0,94,0.940359,B
111305,259,2696.0,127,0.940622,B
113124,259,900.0,128,0.940886,B
139150,259,3670.0,13,0.941149,B
101311,257,603.0,118,0.941411,B
119945,256,420.0,118,0.941671,B
110130,255,13150.0,108,0.94193,B
110463,253,2880.0,128,0.942188,B
101056,252,1596.0,104,0.942444,B
110445,252,904.0,132,0.9427,B
111992,252,4160.0,72,0.942957,B
134659,252,792.0,117,0.943213,B
107275,251,495.0,87,0.943469,B
110620,251,3160.0,105,0.943724,B
129782,251,11920.0,17,0.943979,B
111833,250,6850.0,95,0.944234,B
110574,249,780.0,39,0.944487,B
112227,247,3590.0,122,0.944738,B
112320,247,698.0,68,0.944989,B
135531,247,574.0,109,0.945241,B
101273,246,1602.0,14,0.945491,B
122643,245,2277.0,115,0.94574,B
110538,244,557.0,122,0.945988,B
107383,243,445.0,124,0.946236,B
138090,243,1072.0,106,0.946483,B
214619,243,4620.0,78,0.94673,B
118300,242,399.0,98,0.946976,B
110273,241,1551.0,96,0.947221,B
110557,241,379.0,98,0.947467,B
107879,239,2963.0,24,0.94771,B
129531,238,2392.0,89,0.947952,B
110230,237,3090.0,121,0.948193,B
113195,237,358.0,78,0.948434,B
107265,236,355.0,115,0.948674,B
110326,236,1572.0,123,0.948914,B
110589,236,1884.0,125,0.949154,B
112442,236,5910.0,120,0.949394,B
107212,235,701.0,36,0.949633,B
125175,235,1488.0,79,0.949872,B
107230,232,371.0,86,0.950108,C
110506,231,1968.0,51,0.950343,C
101099,229,3180.0,40,0.950576,C
107121,229,855.0,36,0.950809,C
112215,229,3050.0,111,0.951042,C
127332,228,399.0,122,0.951274,C
110562,227,1314.0,79,0.951505,C
110388,225,2970.0,64,0.951734,C
134500,225,3020.0,109,0.951963,C
136957,225,5433.0,70,0.952192,C
101089,224,361.0,111,0.95242,C
118501,224,605.0,90,0.952648,C
111335,223,1839.0,78,0.952874,C
112212,222,2720.0,99,0.9531,C
117429,221,380.0,117,0.953325,C
110241,220,1371.0,93,0.953549,C
112450,220,604.0,90,0.953773,C
113314,218,1728.0,76,0.953995,C
139236,217,1722.0,11,0.954215,C
101039,216,29400.0,104,0.954435,C
107455,216,750.0,67,0.954655,C
111322,216,11400.0,121,0.954875,C
107414,215,403.0,126,0.955093,C
110266,215,3080.0,107,0.955312,C
110591,215,5460.0,118,0.955531,C
116001,215,2640.0,11,0.955749,C
140881,215,24000.0,34,0.955968,C
107323,214,601.0,97,0.956186,C
111341,214,381.0,55,0.956404,C
115077,214,415.0,90,0.956621,C
110314,213,25700.0,102,0.956838,C
111337,213,1419.0,99,0.957055,C
107332,212,320.0,102,0.95727,C
110226,212,2820.0,97,0.957486,C
117015,212,26300.0,88,0.957702,C
110269,211,12800.0,64,0.957916,C
112272,211,5847.0,117,0.958131,C
134101,211,552.0,49,0.958346,C
131140,210,1062.0,86,0.958559,C
107413,208,371.0,117,0.958771,C
127570,207,3670.0,105,0.958981,C
135013,207,10700.0,15,0.959192,C
109534,206,30000.0,51,0.959402,C
112230,206,4380.0,98,0.959611,C
101173,204,407.0,37,0.959819,C
111266,204,4930.0,92,0.960026,C
122644,204,1500.0,72,0.960234,C
110576,203,600.0,33,0.96044,C
111377,203,1882.0,123,0.960647,C
113227,202,1080.0,49,0.960852,C
115752,202,382.0,94,0.961058,C
107133,201,419.0,47,0.961262,C
107153,200,25300.0,113,0.961466,C
129726,199,4940.0,103,0.961668,C
110248,197,1257.0,111,0.961868,C
140001,197,408.0,33,0.962069,C
101017,196,1104.0,117,0.962268,C
110268,196,2860.0,106,0.962468,C
110422,195,804.0,112,0.962666,C
111357,193,1830.0,107,0.962862,C
112344,193,740.0,107,0.963059,C
135025,193,281.0,114,0.963255,C
107251,191,1401.0,101,0.963449,C
110554,190,1145.0,115,0.963643,C
111218,189,10050.0,98,0.963835,C
113205,189,3000.0,66,0.964027,C
127260,189,2910.0,89,0.964219,C
110175,188,794.0,86,0.964411,C
111274,188,2772.0,113,0.964602,C
111325,188,1740.0,106,0.964793,C
110462,187,1488.0,106,0.964983,C
131990,187,425.0,112,0.965174,C
118520,185,432.0,32,0.965362,C
124230,185,266.0,116,0.96555,C
110442,184,2400.0,67,0.965737,C
110355,183,11820.0,15,0.965923,C
111345,183,3200.0,108,0.96611,C
113152,183,347.0,107,0.966296,C
136921,181,3169.0,31,0.96648,C
123130,180,1194.0,105,0.966663,C
134639,180,273.0,92,0.966846,C
140397,180,297.0,92,0.967029,C
110429,178,1695.0,103,0.96721,C
130718,178,2000.0,41,0.967391,C
107195,177,365.0,90,0.967571,C
101125,175,1316.0,79,0.967749,C
110443,175,2680.0,104,0.967928,C
121567,174,1492.0,96,0.968105,C
138469,173,329.0,70,0.968281,C
111321,172,21503.0,65,0.968455,C
101053,171,870.0,98,0.968629,C
110495,170,1292.0,95,0.968802,C
115580,170,480.0,47,0.968975,C
149642,169,756.0,27,0.969147,C
112043,168,2860.0,37,0.969318,C
112205,168,2350.0,60,0.969489,C
135026,168,242.0,98,0.96966,C
107225,167,1854.0,79,0.96983,C
115786,167,29900.0,30,0.97,C
107202,166,271.0,106,0.970169,C
111323,166,1296.0,102,0.970338,C
112039,166,554.0,82,0.970506,C
121917,165,2140.0,90,0.970674,C
149346,165,389.0,98,0.970842,C
110612,164,1555.0,104,0.971009,C
107149,163,20400.0,96,0.971175,C
138388,163,1440.0,69,0.971341,C
138904,163,221.0,43,0.971506,C
107288,162,233.0,92,0.971671,C
118504,162,567.0,107,0.971836,C
110487,161,225.0,64,0.972,C
101043,160,363.0,84,0.972163,C
110404,160,22000.0,32,0.972325,C
111244,159,1338.0,77,0.972487,C
112191,159,2560.0,64,0.972649,C
112251,159,1134.0,102,0.972811,C
141084,159,246.0,84,0.972972,C
112372,158,4290.0,45,0.973133,C
125701,158,320.0,99,0.973294,C
132315,158,724.0,88,0.973455,C
110474,157,12360.0,68,0.973614,C
125180,157,1557.0,95,0.973774,C
111795,156,20800.0,49,0.973933,C
115120,156,488.0,70,0.974091,C
149467,156,8531.0,28,0.97425,C
111258,155,18800.0,81,0.974408,C
113114,155,203.0,99,0.974565,C
116363,155,1450.0,78,0.974723,C
101141,153,7344.0,43,0.974879,C
110270,153,1004.0,90,0.975034,C
133206,153,208.0,77,0.97519,C
140082,152,4290.0,66,0.975345,C
118532,151,326.0,75,0.975498,C
125461,151,1050.0,27,0.975652,C
104398,149,247.0,91,0.975803,C
112213,149,9250.0,70,0.975955,C
117030,149,4010.0,21,0.976107,C
117140,149,20000.0,14,0.976258,C
110420,148,2140.0,52,0.976409,C
112204,148,2380.0,39,0.976559,C
120235,148,18300.0,10,0.97671,C
138661,148,1800.0,39,0.97686,C
101112,147,316.0,76,0.97701,C
110537,147,298.0,88,0.97716,C
112297,147,323.0,87,0.977309,C
101233,146,469.0,64,0.977458,C
112259,146,1195.0,85,0.977606,C
107283,145,340.0,47,0.977754,C
111224,144,915.0,77,0.9779,C
107314,143,320.0,40,0.978046,C
110529,143,409.0,53,0.978191,C
110535,143,500.0,21,0.978337,C
112046,143,960.0,33,0.978482,C
112278,142,286.0,37,0.978626,C
112281,142,359.0,56,0.978771,C
134122,141,244.0,81,0.978914,C
110438,140,2150.0,93,0.979057,C
112210,140,2200.0,83,0.979199,C
138387,140,296.0,60,0.979342,C
101116,139,1332.0,90,0.979483,C
107108,139,498.0,87,0.979624,C
107326,139,340.0,45,0.979766,C
122814,139,1780.0,78,0.979907,C
113144,138,182.0,80,0.980048,C
101179,137,383.0,50,0.980187,C
110567,137,1170.0,90,0.980326,C
101285,136,200.0,83,0.980465,C
107164,136,289.0,86,0.980603,C
111379,136,4710.0,71,0.980741,C
115973,136,450.0,65,0.98088,C
112071,133,185.0,76,0.981015,C
122941,133,1740.0,62,0.98115,C
111257,131,16600.0,85,0.981284,C
132450,131,76000.0,89,0.981417,C
121939,130,7100.0,58,0.981549,C
107244,129,263.0,78,0.98168,C
110246,129,696.0,85,0.981812,C
111371,129,2460.0,33,0.981943,C
112233,129,2170.0,80,0.982074,C
113170,127,1800.0,81,0.982203,C
110152,125,2390.0,30,0.98233,C
107443,124,198.0,85,0.982457,C
115987,124,14800.0,62,0.982583,C
101326,123,218.0,50,0.982708,C
110263,123,822.0,84,0.982833,C
110303,123,663.0,86,0.982958,C
110236,122,2170.0,80,0.983082,C
112067,121,712.0,72,0.983205,C
112229,121,648.0,73,0.983328,C
113142,121,440.0,68,0.983452,C
127276,121,573.0,76,0.983575,C
129517,121,1810.0,46,0.983698,C
101032,119,169.0,78,0.983819,C
101159,119,1152.0,11,0.98394,C
107199,119,144.0,88,0.984061,C
107223,119,900.0,81,0.984182,C
110261,119,860.0,75,0.984303,C
111289,119,1800.0,74,0.984424,C
125172,119,1530.0,79,0.984545,C
110300,118,444.0,30,0.984665,C
112240,117,1550.0,66,0.984784,C
111286,116,1590.0,74,0.984902,C
118498,115,438.0,37,0.985019,C
125297,115,164.0,78,0.985136,C
110135,114,1400.0,71,0.985252,C
111344,114,1550.0,81,0.985368,C
112403,114,12400.0,45,0.985484,C
125469,114,1610.0,61,0.9856,C
149398,114,1032.0,23,0.985716,C
110608,113,798.0,75,0.985831,C
112001,113,3457.0,30,0.985946,C
112282,113,237.0,61,0.986061,C
133947,113,126000.0,34,0.986176,C
110507,112,1890.0,78,0.98629,C
117084,112,976.0,59,0.986404,C
112342,111,1014.0,79,0.986517,C
110546,110,1260.0,48,0.986629,C
113216,110,300.0,62,0.98674,C
113098,109,3360.0,30,0.986851,C
135742,109,960.0,42,0.986962,C
104505,108,2099.0,9,0.987072,C
111225,108,2240.0,54,0.987182,C
101271,107,249.0,36,0.987291,C
110354,107,13900.0,12,0.9874,C
123069,107,1129.0,33,0.987509,C
141277,107,192.0,44,0.987617,C
117010,106,2500.0,15,0.987725,C
125246,106,216.0,54,0.987833,C
111310,104,519.0,67,0.987939,C
107451,103,139.0,74,0.988044,C
131970,103,984.0,53,0.988148,C
107419,102,170.0,59,0.988252,C
111242,102,1288.0,64,0.988356,C
112256,102,972.0,59,0.98846,C
113122,102,5200.0,73,0.988563,C
132418,101,650.0,6,0.988666,C
110177,100,372.0,42,0.988768,C
110258,100,765.0,57,0.98887,C
111214,100,633.0,52,0.988971,C
112269,99,11800.0,38,0.989072,C
119948,99,130.0,76,0.989173,C
131591,99,538.0,20,0.989274,C
107154,98,167.0,45,0.989373,C
110598,98,1800.0,59,0.989473,C
140839,98,800.0,40,0.989573,C
101072,96,189.0,74,0.98967,C
101077,96,133.0,72,0.989768,C
111832,96,3780.0,69,0.989866,C
107450,95,344.0,71,0.989962,C
107107,94,372.0,71,0.990058,C
113119,93,146.0,67,0.990153,C
107180,92,141.0,67,0.990246,C
107416,92,422.0,65,0.99034,C
110434,91,1230.0,44,0.990432,C
115130,91,1330.0,67,0.990525,C
110424,89,1080.0,52,0.990615,C
110217,88,655.0,8,0.990705,C
112348,88,267.0,35,0.990794,C
123063,88,1060.0,47,0.990884,C
107437,87,143.0,57,0.990972,C
111331,87,564.0,58,0.991061,C
122697,87,2030.0,69,0.991149,C
140015,87,1330.0,29,0.991238,C
113146,86,129.0,52,0.991325,C
113231,85,158.0,58,0.991412,C
117011,85,1085.0,19,0.991498,C
141276,85,210.0,35,0.991585,C
107166,84,1332.0,16,0.99167,C
110257,84,1320.0,57,0.991756,C
117418,84,184.0,51,0.991841,C
114522,82,1380.0,16,0.991925,C
122687,82,864.0,15,0.992008,C
112400,81,345.0,56,0.99209,C
137560,81,188.0,62,0.992173,C
107264,80,141.0,38,0.992254,C
110457,80,1380.0,56,0.992336,C
118531,80,120.0,52,0.992417,C
107170,78,5000.0,54,0.992496,C
107188,78,360.0,24,0.992576,C
110431,78,340.0,37,0.992655,C
111623,78,158.0,60,0.992734,C
112028,78,400.0,60,0.992814,C
126345,78,459.0,58,0.992893,C
131532,77,2020.0,52,0.992971,C
149303,77,136.0,50,0.99305,C
122678,76,8300.0,18,0.993127,C
101277,74,143.0,31,0.993202,C
120257,74,9301.0,24,0.993278,C
101234,73,188.0,16,0.993352,C
118430,73,3417.0,13,0.993426,C
110332,72,450.0,53,0.993499,C
122555,70,1230.0,20,0.993571,C
101137,69,666.0,12,0.993641,C
107197,69,161.0,51,0.993711,C
112077,69,124.0,50,0.993781,C
139147,69,1728.0,12,0.993851,C
107209,68,204.0,56,0.993921,C
111269,68,1020.0,22,0.99399,C
112262,68,3100.0,16,0.994059,C
118459,68,2304.0,22,0.994128,C
101101,67,149.0,51,0.994196,C
115172,67,97.0,50,0.994264,C
140078,67,189.0,59,0.994333,C
113164,66,8800.0,52,0.9944,C
129752,66,880.0,28,0.994467,C
107123,64,4800.0,46,0.994532,C
111990,64,4980.0,25,0.994597,C
125371,64,612.0,53,0.994662,C
134885,62,92.0,44,0.994725,C
135545,62,589.0,46,0.994788,C
101160,61,100.0,39,0.99485,C
111324,61,400.0,41,0.994912,C
124298,61,696.0,51,0.994975,C
101138,60,3000.0,9,0.995036,C
107198,60,97.0,51,0.995097,C
115980,60,7500.0,12,0.995158,C
134499,60,1030.0,37,0.995219,C
101195,59,120.0,16,0.995279,C
112352,58,2255.0,13,0.995338,C
121892,58,480.0,48,0.995397,C
101069,57,1030.0,34,0.995455,C
111309,57,9000.0,26,0.995513,C
112356,57,780.0,49,0.995571,C
107171,56,136.0,41,0.995628,C
107239,56,81.0,39,0.995685,C
118483,55,73.0,44,0.995741,C
132607,55,250.0,25,0.995797,C
107435,54,251.0,43,0.995851,C
110295,54,7400.0,21,0.995906,C
110491,54,1000.0,25,0.995961,C
115997,54,750.0,41,0.996016,C
117402,54,249.0,41,0.996071,C
124233,54,9800.0,19,0.996126,C
110407,53,3300.0,10,0.99618,C
112023,53,610.0,24,0.996234,C
134484,53,544.0,24,0.996288,C
117002,52,186.0,17,0.996341,C
107237,51,98.0,32,0.996393,C
113165,51,98.0,39,0.996445,C
101126,50,69.0,38,0.996495,C
107448,50,141.0,38,0.996546,C
121814,50,90.0,40,0.996597,C
121874,50,540.0,29,0.996648,C
101082,48,1020.0,16,0.996697,C
107393,48,131.0,6,0.996746,C
111964,48,62000.0,6,0.996794,C
125121,48,357.0,40,0.996843,C
110447,47,402.0,39,0.996891,C
121568,47,388.0,32,0.996939,C
125174,47,174.0,29,0.996987,C
131888,47,6000.0,13,0.997035,C
137575,47,60.0,37,0.997082,C
101019,46,52.0,35,0.997129,C
101144,46,67.0,29,0.997176,C
110503,46,82.0,36,0.997223,C
107248,45,120.0,9,0.997269,C
113179,45,66.0,39,0.997314,C
143381,45,66.0,9,0.99736,C
110459,44,295.0,32,0.997405,C
112267,44,342.0,29,0.99745,C
134553,44,1200.0,27,0.997494,C
149920,44,2200.0,15,0.997539,C
112051,43,372.0,31,0.997583,C
121710,43,76.0,33,0.997627,C
122675,43,2150.0,23,0.99767,C
127468,43,300.0,36,0.997714,C
101059,42,64.0,28,0.997757,C
112440,42,630.0,28,0.9978,C
118396,42,1989.0,37,0.997842,C
112004,41,3250.0,10,0.997884,C
139243,41,770.0,1,0.997926,C
101036,40,83.0,30,0.997966,C
107321,40,164.0,37,0.998007,C
107344,40,129.0,7,0.998048,C
107429,40,65.0,29,0.998088,C
111236,40,350.0,31,0.998129,C
118539,40,1210.0,24,0.99817,C
122682,40,110.0,35,0.998211,C
127444,40,71.0,33,0.998251,C
112398,39,530.0,34,0.998291,C
113118,39,59.0,34,0.998331,C
110387,38,780.0,26,0.998369,C
116041,37,400.0,12,0.998407,C
107173,36,500.0,34,0.998444,C
110918,35,400.0,30,0.998479,C
115573,35,580.0,24,0.998515,C
120359,35,189.0,13,0.99855,C
135156,34,219.0,26,0.998585,C
111378,33,440.0,29,0.998619,C
114747,33,39.0,1,0.998652,C
124012,33,46.0,27,0.998686,C
105271,32,1000.0,4,0.998718,C
107110,32,50.0,28,0.998751,C
112193,32,400.0,16,0.998783,C
101031,31,500.0,8,0.998815,C
133307,31,94.0,27,0.998846,C
114745,30,1500.0,4,0.998877,C
101165,29,2000.0,17,0.998906,C
125831,29,159.0,20,0.998936,C
132495,29,147.0,26,0.998965,C
107229,27,43.0,17,0.998993,C
110441,27,210.0,25,0.99902,C
124234,27,4000.0,19,0.999048,C
110623,24,330.0,19,0.999072,C
140965,24,400.0,18,0.999097,C
115572,23,350.0,12,0.99912,C
104357,22,80.0,12,0.999142,C
107135,22,36.0,20,0.999165,C
107217,22,57.0,10,0.999187,C
136977,21,270.0,6,0.999209,C
112254,20,100.0,4,0.999229,C
111314,19,200.0,15,0.999248,C
112027,19,500.0,4,0.999268,C
122778,19,292.0,14,0.999287,C
123753,19,210.0,17,0.999306,C
132494,18,165.0,8,0.999325,C
135181,18,156.0,16,0.999343,C
139154,18,240.0,5,0.999361,C
131530,17,78.0,5,0.999378,C
111279,16,1980.0,6,0.999395,C
113143,16,1000.0,5,0.999411,C
122938,16,21.0,15,0.999427,C
101133,15,61.0,10,0.999443,C
101289,15,23.0,14,0.999458,C
110308,15,170.0,8,0.999473,C
112080,15,250.0,14,0.999488,C
126301,15,210.0,12,0.999504,C
107349,14,16.0,12,0.999518,C
112516,14,2000.0,5,0.999532,C
118529,14,39.0,13,0.999546,C
125500,14,51.0,13,0.999561,C
136877,14,214.0,10,0.999575,C
107441,13,66.0,9,0.999588,C
110505,13,1800.0,3,0.999601,C
113209,13,354.0,11,0.999614,C
127445,13,20.0,10,0.999628,C
136918,13,20.0,11,0.999641,C
117146,12,18.0,10,0.999653,C
139148,11,44.0,10,0.999664,C
107112,10,18.0,8,0.999674,C
113230,10,24.0,7,0.999685,C
118493,10,168.0,5,0.999695,C
119516,10,19.0,5,0.999705,C
137931,10,500.0,6,0.999715,C
111359,9,180.0,5,0.999724,C
113225,9,1020.0,4,0.999733,C
118468,9,12.0,7,0.999743,C
121926,9,180.0,9,0.999752,C
123129,8,66.0,7,0.99976,C
132597,8,15.0,8,0.999768,C
139166,8,10.0,6,0.999776,C
120184,7,9.0,6,0.999783,C
140800,7,10.0,4,0.99979,C
107423,6,8.0,5,0.999797,C
111284,6,230.0,5,0.999803,C
111836,6,700.0,6,0.999809,C
121930,6,18.0,5,0.999815,C
140084,6,298.0,4,0.999821,C
110428,5,130.0,5,0.999826,C
110564,5,36.0,5,0.999831,C
112248,5,65.0,4,0.999836,C
113226,5,60.0,3,0.999841,C
117029,5,90.0,3,0.999846,C
118506,5,25.0,4,0.999851,C
134413,5,160.0,5,0.999857,C
136966,5,250.0,3,0.999862,C
136967,5,250.0,4,0.999867,C
110489,4,80.0,3,0.999871,C
111311,4,21.0,4,0.999875,C
115771,4,354.0,4,0.999879,C
119514,4,250.0,3,0.999883,C
129578,4,110.0,4,0.999887,C
131887,4,6000.0,2,0.999891,C
138990,4,24.0,3,0.999895,C
150452,4,24.0,4,0.999899,C
107302,3,39.0,3,0.999902,C
107452,3,5.0,2,0.999905,C
111333,3,20.0,3,0.999908,C
117024,3,20.0,3,0.999911,C
120167,3,16.0,3,0.999915,C
124272,3,20.0,3,0.999918,C
135160,3,14.0,3,0.999921,C
135193,3,600.0,3,0.999924,C
137562,3,158.0,3,0.999927,C
107404,2,3.0,2,0.999929,C
110265,2,60.0,2,0.999931,C
110276,2,12.0,2,0.999933,C
111317,2,200.0,2,0.999935,C
112207,2,20.0,1,0.999937,C
112300,2,7.0,2,0.999939,C
118512,2,250.0,2,0.999941,C
121914,2,210.0,2,0.999943,C
125286,2,40.0,2,0.999945,C
129717,2,3.0,2,0.999947,C
134677,2,3.0,2,0.999949,C
135095,2,2.0,1,0.999951,C
135194,2,42.0,2,0.999953,C
138901,2,40.0,1,0.999955,C
138902,2,40.0,1,0.999957,C
139113,2,40.0,1,0.999959,C
139114,2,40.0,1,0.999961,C
139115,2,40.0,1,0.999963,C
139116,2,40.0,1,0.999965,C
150455,2,200.0,2,0.999967,C
101158,1,1.0,1,0.999968,C
107300,1,2.0,1,0.999969,C
107316,1,1.0,1,0.99997,C
110208,1,100.0,1,0.999972,C
110490,1,1.0,1,0.999973,C
110581,1,3.0,1,0.999974,C
111355,1,20.0,1,0.999975,C
112214,1,6.0,1,0.999976,C
112218,1,6.0,1,0.999977,C
123149,1,10.0,1,0.999978,C
124335,1,50.0,1,0.999979,C
124705,1,4.0,1,0.99998,C
127326,1,3.0,1,0.999981,C
129518,1,8.0,1,0.999982,C
129854,1,20.0,1,0.999983,C
131218,1,200.0,1,0.999984,C
131656,1,11.0,1,0.999985,C
132591,1,10.0,1,0.999986,C
132625,1,3.0,1,0.999987,C
132636,1,10.0,1,0.999988,C
133303,1,9.0,1,0.999989,C
134412,1,1.0,1,0.99999,C
134642,1,60.0,1,0.999991,C
134686,1,4.0,1,0.999992,C
134810,1,50.0,1,0.999993,C
135185,1,16.0,1,0.999994,C
135887,1,20.0,1,0.999995,C
138936,1,10.0,1,0.999996,C
139198,1,100.0,1,0.999997,C
140005,1,1.0,1,0.999998,C
140021,1,12.0,1,0.999999,C
141922,1,33.0,1,1.0,C
